rel,class_dir,label,margen,tercil
apple_pie/1068632,apple_pie,Apple pie,-0.0945996642112732,dificil
apple_pie/1113017,apple_pie,Apple pie,-0.0945996642112732,dificil
apple_pie/1269202,apple_pie,Apple pie,-0.0945996642112732,dificil
apple_pie/129668,apple_pie,Apple pie,-0.0945996642112732,dificil
apple_pie/1375404,apple_pie,Apple pie,-0.0945996642112732,dificil
apple_pie/2038171,apple_pie,Apple pie,-0.0945996642112732,dificil
apple_pie/2113478,apple_pie,Apple pie,-0.0945996642112732,dificil
apple_pie/2114765,apple_pie,Apple pie,-0.0945996642112732,dificil
apple_pie/2446500,apple_pie,Apple pie,-0.0945996642112732,dificil
apple_pie/2523219,apple_pie,Apple pie,-0.0945996642112732,dificil
apple_pie/2596943,apple_pie,Apple pie,-0.0945996642112732,dificil
apple_pie/2610524,apple_pie,Apple pie,-0.0945996642112732,dificil
apple_pie/3027601,apple_pie,Apple pie,-0.0945996642112732,dificil
apple_pie/3505644,apple_pie,Apple pie,-0.0945996642112732,dificil
apple_pie/3517723,apple_pie,Apple pie,-0.0945996642112732,dificil
apple_pie/3555118,apple_pie,Apple pie,-0.0945996642112732,dificil
apple_pie/3603821,apple_pie,Apple pie,-0.0945996642112732,dificil
apple_pie/3720779,apple_pie,Apple pie,-0.0945996642112732,dificil
apple_pie/3779150,apple_pie,Apple pie,-0.0945996642112732,dificil
apple_pie/3825794,apple_pie,Apple pie,-0.0945996642112732,dificil
apple_pie/486170,apple_pie,Apple pie,-0.0945996642112732,dificil
apple_pie/668694,apple_pie,Apple pie,-0.0945996642112732,dificil
apple_pie/861244,apple_pie,Apple pie,-0.0945996642112732,dificil
apple_pie/885848,apple_pie,Apple pie,-0.0945996642112732,dificil
apple_pie/986844,apple_pie,Apple pie,-0.0945996642112732,dificil
baby_back_ribs/1150028,baby_back_ribs,Baby back ribs,-0.03827059268951416,facil
baby_back_ribs/1427390,baby_back_ribs,Baby back ribs,-0.03827059268951416,facil
baby_back_ribs/1593880,baby_back_ribs,Baby back ribs,-0.03827059268951416,facil
baby_back_ribs/1623333,baby_back_ribs,Baby back ribs,-0.03827059268951416,facil
baby_back_ribs/1765250,baby_back_ribs,Baby back ribs,-0.03827059268951416,facil
baby_back_ribs/1967177,baby_back_ribs,Baby back ribs,-0.03827059268951416,facil
baby_back_ribs/2025526,baby_back_ribs,Baby back ribs,-0.03827059268951416,facil
baby_back_ribs/2079924,baby_back_ribs,Baby back ribs,-0.03827059268951416,facil
baby_back_ribs/2320542,baby_back_ribs,Baby back ribs,-0.03827059268951416,facil
baby_back_ribs/2326074,baby_back_ribs,Baby back ribs,-0.03827059268951416,facil
baby_back_ribs/2587676,baby_back_ribs,Baby back ribs,-0.03827059268951416,facil
baby_back_ribs/261900,baby_back_ribs,Baby back ribs,-0.03827059268951416,facil
baby_back_ribs/2619132,baby_back_ribs,Baby back ribs,-0.03827059268951416,facil
baby_back_ribs/2764727,baby_back_ribs,Baby back ribs,-0.03827059268951416,facil
baby_back_ribs/3052734,baby_back_ribs,Baby back ribs,-0.03827059268951416,facil
baby_back_ribs/3057918,baby_back_ribs,Baby back ribs,-0.03827059268951416,facil
baby_back_ribs/3222671,baby_back_ribs,Baby back ribs,-0.03827059268951416,facil
baby_back_ribs/3608011,baby_back_ribs,Baby back ribs,-0.03827059268951416,facil
baby_back_ribs/3680520,baby_back_ribs,Baby back ribs,-0.03827059268951416,facil
baby_back_ribs/464659,baby_back_ribs,Baby back ribs,-0.03827059268951416,facil
baby_back_ribs/470646,baby_back_ribs,Baby back ribs,-0.03827059268951416,facil
baby_back_ribs/519489,baby_back_ribs,Baby back ribs,-0.03827059268951416,facil
baby_back_ribs/563715,baby_back_ribs,Baby back ribs,-0.03827059268951416,facil
baby_back_ribs/836913,baby_back_ribs,Baby back ribs,-0.03827059268951416,facil
baby_back_ribs/919073,baby_back_ribs,Baby back ribs,-0.03827059268951416,facil
baklava/129478,baklava,Baklava,-0.0965036153793335,dificil
baklava/1392219,baklava,Baklava,-0.0965036153793335,dificil
baklava/1503293,baklava,Baklava,-0.0965036153793335,dificil
baklava/1601530,baklava,Baklava,-0.0965036153793335,dificil
baklava/1648719,baklava,Baklava,-0.0965036153793335,dificil
baklava/1717840,baklava,Baklava,-0.0965036153793335,dificil
baklava/1758057,baklava,Baklava,-0.0965036153793335,dificil
baklava/1849718,baklava,Baklava,-0.0965036153793335,dificil
baklava/2379083,baklava,Baklava,-0.0965036153793335,dificil
baklava/2465433,baklava,Baklava,-0.0965036153793335,dificil
baklava/2582738,baklava,Baklava,-0.0965036153793335,dificil
baklava/2649603,baklava,Baklava,-0.0965036153793335,dificil
baklava/2694279,baklava,Baklava,-0.0965036153793335,dificil
baklava/2708501,baklava,Baklava,-0.0965036153793335,dificil
baklava/2718099,baklava,Baklava,-0.0965036153793335,dificil
baklava/2768985,baklava,Baklava,-0.0965036153793335,dificil
baklava/2841494,baklava,Baklava,-0.0965036153793335,dificil
baklava/28613,baklava,Baklava,-0.0965036153793335,dificil
baklava/3444445,baklava,Baklava,-0.0965036153793335,dificil
baklava/349456,baklava,Baklava,-0.0965036153793335,dificil
baklava/3645013,baklava,Baklava,-0.0965036153793335,dificil
baklava/3893932,baklava,Baklava,-0.0965036153793335,dificil
baklava/506922,baklava,Baklava,-0.0965036153793335,dificil
baklava/796010,baklava,Baklava,-0.0965036153793335,dificil
baklava/881362,baklava,Baklava,-0.0965036153793335,dificil
beef_carpaccio/1216433,beef_carpaccio,Beef carpaccio,-0.05443918704986572,medio
beef_carpaccio/1243667,beef_carpaccio,Beef carpaccio,-0.05443918704986572,medio
beef_carpaccio/1422496,beef_carpaccio,Beef carpaccio,-0.05443918704986572,medio
beef_carpaccio/1737830,beef_carpaccio,Beef carpaccio,-0.05443918704986572,medio
beef_carpaccio/1887574,beef_carpaccio,Beef carpaccio,-0.05443918704986572,medio
beef_carpaccio/195418,beef_carpaccio,Beef carpaccio,-0.05443918704986572,medio
beef_carpaccio/2082670,beef_carpaccio,Beef carpaccio,-0.05443918704986572,medio
beef_carpaccio/2152088,beef_carpaccio,Beef carpaccio,-0.05443918704986572,medio
beef_carpaccio/2269439,beef_carpaccio,Beef carpaccio,-0.05443918704986572,medio
beef_carpaccio/257386,beef_carpaccio,Beef carpaccio,-0.05443918704986572,medio
beef_carpaccio/266627,beef_carpaccio,Beef carpaccio,-0.05443918704986572,medio
beef_carpaccio/2855684,beef_carpaccio,Beef carpaccio,-0.05443918704986572,medio
beef_carpaccio/2874813,beef_carpaccio,Beef carpaccio,-0.05443918704986572,medio
beef_carpaccio/2999990,beef_carpaccio,Beef carpaccio,-0.05443918704986572,medio
beef_carpaccio/3186071,beef_carpaccio,Beef carpaccio,-0.05443918704986572,medio
beef_carpaccio/3213562,beef_carpaccio,Beef carpaccio,-0.05443918704986572,medio
beef_carpaccio/3469865,beef_carpaccio,Beef carpaccio,-0.05443918704986572,medio
beef_carpaccio/3473722,beef_carpaccio,Beef carpaccio,-0.05443918704986572,medio
beef_carpaccio/3501900,beef_carpaccio,Beef carpaccio,-0.05443918704986572,medio
beef_carpaccio/3683582,beef_carpaccio,Beef carpaccio,-0.05443918704986572,medio
beef_carpaccio/3769247,beef_carpaccio,Beef carpaccio,-0.05443918704986572,medio
beef_carpaccio/3806863,beef_carpaccio,Beef carpaccio,-0.05443918704986572,medio
beef_carpaccio/3896605,beef_carpaccio,Beef carpaccio,-0.05443918704986572,medio
beef_carpaccio/720185,beef_carpaccio,Beef carpaccio,-0.05443918704986572,medio
beef_carpaccio/724709,beef_carpaccio,Beef carpaccio,-0.05443918704986572,medio
beef_tartare/1031053,beef_tartare,Beef tartare,-0.08605915307998657,dificil
beef_tartare/1222472,beef_tartare,Beef tartare,-0.08605915307998657,dificil
beef_tartare/1306469,beef_tartare,Beef tartare,-0.08605915307998657,dificil
beef_tartare/1592695,beef_tartare,Beef tartare,-0.08605915307998657,dificil
beef_tartare/1697360,beef_tartare,Beef tartare,-0.08605915307998657,dificil
beef_tartare/1839171,beef_tartare,Beef tartare,-0.08605915307998657,dificil
beef_tartare/183970,beef_tartare,Beef tartare,-0.08605915307998657,dificil
beef_tartare/2030974,beef_tartare,Beef tartare,-0.08605915307998657,dificil
beef_tartare/2443022,beef_tartare,Beef tartare,-0.08605915307998657,dificil
beef_tartare/2572875,beef_tartare,Beef tartare,-0.08605915307998657,dificil
beef_tartare/2656316,beef_tartare,Beef tartare,-0.08605915307998657,dificil
beef_tartare/2783511,beef_tartare,Beef tartare,-0.08605915307998657,dificil
beef_tartare/2865574,beef_tartare,Beef tartare,-0.08605915307998657,dificil
beef_tartare/2956940,beef_tartare,Beef tartare,-0.08605915307998657,dificil
beef_tartare/3492636,beef_tartare,Beef tartare,-0.08605915307998657,dificil
beef_tartare/3507248,beef_tartare,Beef tartare,-0.08605915307998657,dificil
beef_tartare/3553004,beef_tartare,Beef tartare,-0.08605915307998657,dificil
beef_tartare/3676260,beef_tartare,Beef tartare,-0.08605915307998657,dificil
beef_tartare/3722435,beef_tartare,Beef tartare,-0.08605915307998657,dificil
beef_tartare/3790886,beef_tartare,Beef tartare,-0.08605915307998657,dificil
beef_tartare/3816889,beef_tartare,Beef tartare,-0.08605915307998657,dificil
beef_tartare/485390,beef_tartare,Beef tartare,-0.08605915307998657,dificil
beef_tartare/560757,beef_tartare,Beef tartare,-0.08605915307998657,dificil
beef_tartare/683016,beef_tartare,Beef tartare,-0.08605915307998657,dificil
beef_tartare/812907,beef_tartare,Beef tartare,-0.08605915307998657,dificil
beet_salad/1171100,beet_salad,Beet salad,-0.05742925405502319,medio
beet_salad/1296407,beet_salad,Beet salad,-0.05742925405502319,medio
beet_salad/1303126,beet_salad,Beet salad,-0.05742925405502319,medio
beet_salad/1376279,beet_salad,Beet salad,-0.05742925405502319,medio
beet_salad/15302,beet_salad,Beet salad,-0.05742925405502319,medio
beet_salad/158515,beet_salad,Beet salad,-0.05742925405502319,medio
beet_salad/2057254,beet_salad,Beet salad,-0.05742925405502319,medio
beet_salad/2155565,beet_salad,Beet salad,-0.05742925405502319,medio
beet_salad/2258206,beet_salad,Beet salad,-0.05742925405502319,medio
beet_salad/2646314,beet_salad,Beet salad,-0.05742925405502319,medio
beet_salad/2709949,beet_salad,Beet salad,-0.05742925405502319,medio
beet_salad/2812281,beet_salad,Beet salad,-0.05742925405502319,medio
beet_salad/301952,beet_salad,Beet salad,-0.05742925405502319,medio
beet_salad/3199913,beet_salad,Beet salad,-0.05742925405502319,medio
beet_salad/3215422,beet_salad,Beet salad,-0.05742925405502319,medio
beet_salad/3287877,beet_salad,Beet salad,-0.05742925405502319,medio
beet_salad/3402957,beet_salad,Beet salad,-0.05742925405502319,medio
beet_salad/3419079,beet_salad,Beet salad,-0.05742925405502319,medio
beet_salad/3553733,beet_salad,Beet salad,-0.05742925405502319,medio
beet_salad/3562717,beet_salad,Beet salad,-0.05742925405502319,medio
beet_salad/3704723,beet_salad,Beet salad,-0.05742925405502319,medio
beet_salad/3719614,beet_salad,Beet salad,-0.05742925405502319,medio
beet_salad/3853625,beet_salad,Beet salad,-0.05742925405502319,medio
beet_salad/545357,beet_salad,Beet salad,-0.05742925405502319,medio
beet_salad/921679,beet_salad,Beet salad,-0.05742925405502319,medio
beignets/1002850,beignets,Beignets,-0.04545694589614868,medio
beignets/1058530,beignets,Beignets,-0.04545694589614868,medio
beignets/1114182,beignets,Beignets,-0.04545694589614868,medio
beignets/1130421,beignets,Beignets,-0.04545694589614868,medio
beignets/1181124,beignets,Beignets,-0.04545694589614868,medio
beignets/1354188,beignets,Beignets,-0.04545694589614868,medio
beignets/1425688,beignets,Beignets,-0.04545694589614868,medio
beignets/1530659,beignets,Beignets,-0.04545694589614868,medio
beignets/1532945,beignets,Beignets,-0.04545694589614868,medio
beignets/1742034,beignets,Beignets,-0.04545694589614868,medio
beignets/1900295,beignets,Beignets,-0.04545694589614868,medio
beignets/198713,beignets,Beignets,-0.04545694589614868,medio
beignets/2292051,beignets,Beignets,-0.04545694589614868,medio
beignets/2478569,beignets,Beignets,-0.04545694589614868,medio
beignets/2738284,beignets,Beignets,-0.04545694589614868,medio
beignets/2769339,beignets,Beignets,-0.04545694589614868,medio
beignets/2805868,beignets,Beignets,-0.04545694589614868,medio
beignets/294671,beignets,Beignets,-0.04545694589614868,medio
beignets/3019748,beignets,Beignets,-0.04545694589614868,medio
beignets/3119239,beignets,Beignets,-0.04545694589614868,medio
beignets/3318942,beignets,Beignets,-0.04545694589614868,medio
beignets/3415389,beignets,Beignets,-0.04545694589614868,medio
beignets/492391,beignets,Beignets,-0.04545694589614868,medio
beignets/564090,beignets,Beignets,-0.04545694589614868,medio
beignets/822870,beignets,Beignets,-0.04545694589614868,medio
bibimbap/1018560,bibimbap,Bibimbap,-0.01724827289581299,facil
bibimbap/1117690,bibimbap,Bibimbap,-0.01724827289581299,facil
bibimbap/1182177,bibimbap,Bibimbap,-0.01724827289581299,facil
bibimbap/1571062,bibimbap,Bibimbap,-0.01724827289581299,facil
bibimbap/1586598,bibimbap,Bibimbap,-0.01724827289581299,facil
bibimbap/1621026,bibimbap,Bibimbap,-0.01724827289581299,facil
bibimbap/1733198,bibimbap,Bibimbap,-0.01724827289581299,facil
bibimbap/1884233,bibimbap,Bibimbap,-0.01724827289581299,facil
bibimbap/2137869,bibimbap,Bibimbap,-0.01724827289581299,facil
bibimbap/2239575,bibimbap,Bibimbap,-0.01724827289581299,facil
bibimbap/2478152,bibimbap,Bibimbap,-0.01724827289581299,facil
bibimbap/2810429,bibimbap,Bibimbap,-0.01724827289581299,facil
bibimbap/2843883,bibimbap,Bibimbap,-0.01724827289581299,facil
bibimbap/2971373,bibimbap,Bibimbap,-0.01724827289581299,facil
bibimbap/3094604,bibimbap,Bibimbap,-0.01724827289581299,facil
bibimbap/3263376,bibimbap,Bibimbap,-0.01724827289581299,facil
bibimbap/3339222,bibimbap,Bibimbap,-0.01724827289581299,facil
bibimbap/3473825,bibimbap,Bibimbap,-0.01724827289581299,facil
bibimbap/349381,bibimbap,Bibimbap,-0.01724827289581299,facil
bibimbap/3558950,bibimbap,Bibimbap,-0.01724827289581299,facil
bibimbap/42361,bibimbap,Bibimbap,-0.01724827289581299,facil
bibimbap/495544,bibimbap,Bibimbap,-0.01724827289581299,facil
bibimbap/548018,bibimbap,Bibimbap,-0.01724827289581299,facil
bibimbap/622307,bibimbap,Bibimbap,-0.01724827289581299,facil
bibimbap/769319,bibimbap,Bibimbap,-0.01724827289581299,facil
bread_pudding/1169527,bread_pudding,Bread pudding,-0.08365154266357422,dificil
bread_pudding/1315149,bread_pudding,Bread pudding,-0.08365154266357422,dificil
bread_pudding/1383671,bread_pudding,Bread pudding,-0.08365154266357422,dificil
bread_pudding/1440667,bread_pudding,Bread pudding,-0.08365154266357422,dificil
bread_pudding/1452376,bread_pudding,Bread pudding,-0.08365154266357422,dificil
bread_pudding/1454336,bread_pudding,Bread pudding,-0.08365154266357422,dificil
bread_pudding/1777993,bread_pudding,Bread pudding,-0.08365154266357422,dificil
bread_pudding/2059490,bread_pudding,Bread pudding,-0.08365154266357422,dificil
bread_pudding/2269077,bread_pudding,Bread pudding,-0.08365154266357422,dificil
bread_pudding/272134,bread_pudding,Bread pudding,-0.08365154266357422,dificil
bread_pudding/2769066,bread_pudding,Bread pudding,-0.08365154266357422,dificil
bread_pudding/3145648,bread_pudding,Bread pudding,-0.08365154266357422,dificil
bread_pudding/3183578,bread_pudding,Bread pudding,-0.08365154266357422,dificil
bread_pudding/3294452,bread_pudding,Bread pudding,-0.08365154266357422,dificil
bread_pudding/3333038,bread_pudding,Bread pudding,-0.08365154266357422,dificil
bread_pudding/3385009,bread_pudding,Bread pudding,-0.08365154266357422,dificil
bread_pudding/3504142,bread_pudding,Bread pudding,-0.08365154266357422,dificil
bread_pudding/3727872,bread_pudding,Bread pudding,-0.08365154266357422,dificil
bread_pudding/3754899,bread_pudding,Bread pudding,-0.08365154266357422,dificil
bread_pudding/3807351,bread_pudding,Bread pudding,-0.08365154266357422,dificil
bread_pudding/3878433,bread_pudding,Bread pudding,-0.08365154266357422,dificil
bread_pudding/411513,bread_pudding,Bread pudding,-0.08365154266357422,dificil
bread_pudding/423174,bread_pudding,Bread pudding,-0.08365154266357422,dificil
bread_pudding/518810,bread_pudding,Bread pudding,-0.08365154266357422,dificil
bread_pudding/544628,bread_pudding,Bread pudding,-0.08365154266357422,dificil
breakfast_burrito/1364703,breakfast_burrito,Breakfast burrito,-0.08891314268112183,dificil
breakfast_burrito/1380575,breakfast_burrito,Breakfast burrito,-0.08891314268112183,dificil
breakfast_burrito/151760,breakfast_burrito,Breakfast burrito,-0.08891314268112183,dificil
breakfast_burrito/1518263,breakfast_burrito,Breakfast burrito,-0.08891314268112183,dificil
breakfast_burrito/1554078,breakfast_burrito,Breakfast burrito,-0.08891314268112183,dificil
breakfast_burrito/1760829,breakfast_burrito,Breakfast burrito,-0.08891314268112183,dificil
breakfast_burrito/1825083,breakfast_burrito,Breakfast burrito,-0.08891314268112183,dificil
breakfast_burrito/2001998,breakfast_burrito,Breakfast burrito,-0.08891314268112183,dificil
breakfast_burrito/2191950,breakfast_burrito,Breakfast burrito,-0.08891314268112183,dificil
breakfast_burrito/2254727,breakfast_burrito,Breakfast burrito,-0.08891314268112183,dificil
breakfast_burrito/2450649,breakfast_burrito,Breakfast burrito,-0.08891314268112183,dificil
breakfast_burrito/2670785,breakfast_burrito,Breakfast burrito,-0.08891314268112183,dificil
breakfast_burrito/282779,breakfast_burrito,Breakfast burrito,-0.08891314268112183,dificil
breakfast_burrito/3021960,breakfast_burrito,Breakfast burrito,-0.08891314268112183,dificil
breakfast_burrito/3034348,breakfast_burrito,Breakfast burrito,-0.08891314268112183,dificil
breakfast_burrito/3606443,breakfast_burrito,Breakfast burrito,-0.08891314268112183,dificil
breakfast_burrito/3658326,breakfast_burrito,Breakfast burrito,-0.08891314268112183,dificil
breakfast_burrito/3664309,breakfast_burrito,Breakfast burrito,-0.08891314268112183,dificil
breakfast_burrito/3689747,breakfast_burrito,Breakfast burrito,-0.08891314268112183,dificil
breakfast_burrito/403685,breakfast_burrito,Breakfast burrito,-0.08891314268112183,dificil
breakfast_burrito/45301,breakfast_burrito,Breakfast burrito,-0.08891314268112183,dificil
breakfast_burrito/476324,breakfast_burrito,Breakfast burrito,-0.08891314268112183,dificil
breakfast_burrito/491065,breakfast_burrito,Breakfast burrito,-0.08891314268112183,dificil
breakfast_burrito/517530,breakfast_burrito,Breakfast burrito,-0.08891314268112183,dificil
breakfast_burrito/859728,breakfast_burrito,Breakfast burrito,-0.08891314268112183,dificil
bruschetta/1042140,bruschetta,Bruschetta,-0.07057613134384155,dificil
bruschetta/10976,bruschetta,Bruschetta,-0.07057613134384155,dificil
bruschetta/1369160,bruschetta,Bruschetta,-0.07057613134384155,dificil
bruschetta/1734593,bruschetta,Bruschetta,-0.07057613134384155,dificil
bruschetta/2018456,bruschetta,Bruschetta,-0.07057613134384155,dificil
bruschetta/2080506,bruschetta,Bruschetta,-0.07057613134384155,dificil
bruschetta/2298889,bruschetta,Bruschetta,-0.07057613134384155,dificil
bruschetta/2522107,bruschetta,Bruschetta,-0.07057613134384155,dificil
bruschetta/2738299,bruschetta,Bruschetta,-0.07057613134384155,dificil
bruschetta/2771452,bruschetta,Bruschetta,-0.07057613134384155,dificil
bruschetta/2845857,bruschetta,Bruschetta,-0.07057613134384155,dificil
bruschetta/3225954,bruschetta,Bruschetta,-0.07057613134384155,dificil
bruschetta/3387698,bruschetta,Bruschetta,-0.07057613134384155,dificil
bruschetta/3584801,bruschetta,Bruschetta,-0.07057613134384155,dificil
bruschetta/3625366,bruschetta,Bruschetta,-0.07057613134384155,dificil
bruschetta/3647282,bruschetta,Bruschetta,-0.07057613134384155,dificil
bruschetta/3696447,bruschetta,Bruschetta,-0.07057613134384155,dificil
bruschetta/3792377,bruschetta,Bruschetta,-0.07057613134384155,dificil
bruschetta/3851632,bruschetta,Bruschetta,-0.07057613134384155,dificil
bruschetta/463000,bruschetta,Bruschetta,-0.07057613134384155,dificil
bruschetta/642089,bruschetta,Bruschetta,-0.07057613134384155,dificil
bruschetta/748802,bruschetta,Bruschetta,-0.07057613134384155,dificil
bruschetta/851116,bruschetta,Bruschetta,-0.07057613134384155,dificil
bruschetta/889257,bruschetta,Bruschetta,-0.07057613134384155,dificil
bruschetta/996547,bruschetta,Bruschetta,-0.07057613134384155,dificil
caesar_salad/1186415,caesar_salad,Caesar salad,-0.04140084981918335,facil
caesar_salad/1198449,caesar_salad,Caesar salad,-0.04140084981918335,facil
caesar_salad/1260222,caesar_salad,Caesar salad,-0.04140084981918335,facil
caesar_salad/130246,caesar_salad,Caesar salad,-0.04140084981918335,facil
caesar_salad/1382142,caesar_salad,Caesar salad,-0.04140084981918335,facil
caesar_salad/1479179,caesar_salad,Caesar salad,-0.04140084981918335,facil
caesar_salad/1493566,caesar_salad,Caesar salad,-0.04140084981918335,facil
caesar_salad/1505408,caesar_salad,Caesar salad,-0.04140084981918335,facil
caesar_salad/1759398,caesar_salad,Caesar salad,-0.04140084981918335,facil
caesar_salad/1909170,caesar_salad,Caesar salad,-0.04140084981918335,facil
caesar_salad/1977261,caesar_salad,Caesar salad,-0.04140084981918335,facil
caesar_salad/2059363,caesar_salad,Caesar salad,-0.04140084981918335,facil
caesar_salad/2112568,caesar_salad,Caesar salad,-0.04140084981918335,facil
caesar_salad/2318780,caesar_salad,Caesar salad,-0.04140084981918335,facil
caesar_salad/239163,caesar_salad,Caesar salad,-0.04140084981918335,facil
caesar_salad/3173060,caesar_salad,Caesar salad,-0.04140084981918335,facil
caesar_salad/3229437,caesar_salad,Caesar salad,-0.04140084981918335,facil
caesar_salad/3293371,caesar_salad,Caesar salad,-0.04140084981918335,facil
caesar_salad/3327341,caesar_salad,Caesar salad,-0.04140084981918335,facil
caesar_salad/3398084,caesar_salad,Caesar salad,-0.04140084981918335,facil
caesar_salad/3640443,caesar_salad,Caesar salad,-0.04140084981918335,facil
caesar_salad/3824310,caesar_salad,Caesar salad,-0.04140084981918335,facil
caesar_salad/814439,caesar_salad,Caesar salad,-0.04140084981918335,facil
caesar_salad/823016,caesar_salad,Caesar salad,-0.04140084981918335,facil
caesar_salad/848004,caesar_salad,Caesar salad,-0.04140084981918335,facil
cannoli/1127495,cannoli,Cannoli,-0.06335139274597168,dificil
cannoli/1151563,cannoli,Cannoli,-0.06335139274597168,dificil
cannoli/1233017,cannoli,Cannoli,-0.06335139274597168,dificil
cannoli/1277090,cannoli,Cannoli,-0.06335139274597168,dificil
cannoli/1319296,cannoli,Cannoli,-0.06335139274597168,dificil
cannoli/1337561,cannoli,Cannoli,-0.06335139274597168,dificil
cannoli/1417238,cannoli,Cannoli,-0.06335139274597168,dificil
cannoli/1551354,cannoli,Cannoli,-0.06335139274597168,dificil
cannoli/1669457,cannoli,Cannoli,-0.06335139274597168,dificil
cannoli/17062,cannoli,Cannoli,-0.06335139274597168,dificil
cannoli/1763885,cannoli,Cannoli,-0.06335139274597168,dificil
cannoli/1922681,cannoli,Cannoli,-0.06335139274597168,dificil
cannoli/2060152,cannoli,Cannoli,-0.06335139274597168,dificil
cannoli/2143772,cannoli,Cannoli,-0.06335139274597168,dificil
cannoli/2217076,cannoli,Cannoli,-0.06335139274597168,dificil
cannoli/2361640,cannoli,Cannoli,-0.06335139274597168,dificil
cannoli/2502615,cannoli,Cannoli,-0.06335139274597168,dificil
cannoli/2537770,cannoli,Cannoli,-0.06335139274597168,dificil
cannoli/259145,cannoli,Cannoli,-0.06335139274597168,dificil
cannoli/3486186,cannoli,Cannoli,-0.06335139274597168,dificil
cannoli/3508082,cannoli,Cannoli,-0.06335139274597168,dificil
cannoli/3661579,cannoli,Cannoli,-0.06335139274597168,dificil
cannoli/3692044,cannoli,Cannoli,-0.06335139274597168,dificil
cannoli/3721913,cannoli,Cannoli,-0.06335139274597168,dificil
cannoli/785894,cannoli,Cannoli,-0.06335139274597168,dificil
caprese_salad/1193574,caprese_salad,Caprese salad,-0.05502045154571533,medio
caprese_salad/1361906,caprese_salad,Caprese salad,-0.05502045154571533,medio
caprese_salad/1413064,caprese_salad,Caprese salad,-0.05502045154571533,medio
caprese_salad/1582792,caprese_salad,Caprese salad,-0.05502045154571533,medio
caprese_salad/1632771,caprese_salad,Caprese salad,-0.05502045154571533,medio
caprese_salad/1776696,caprese_salad,Caprese salad,-0.05502045154571533,medio
caprese_salad/1847628,caprese_salad,Caprese salad,-0.05502045154571533,medio
caprese_salad/1894518,caprese_salad,Caprese salad,-0.05502045154571533,medio
caprese_salad/2001892,caprese_salad,Caprese salad,-0.05502045154571533,medio
caprese_salad/2073105,caprese_salad,Caprese salad,-0.05502045154571533,medio
caprese_salad/2161254,caprese_salad,Caprese salad,-0.05502045154571533,medio
caprese_salad/2244686,caprese_salad,Caprese salad,-0.05502045154571533,medio
caprese_salad/2432233,caprese_salad,Caprese salad,-0.05502045154571533,medio
caprese_salad/2719211,caprese_salad,Caprese salad,-0.05502045154571533,medio
caprese_salad/2919208,caprese_salad,Caprese salad,-0.05502045154571533,medio
caprese_salad/3029521,caprese_salad,Caprese salad,-0.05502045154571533,medio
caprese_salad/3077405,caprese_salad,Caprese salad,-0.05502045154571533,medio
caprese_salad/3256623,caprese_salad,Caprese salad,-0.05502045154571533,medio
caprese_salad/3532390,caprese_salad,Caprese salad,-0.05502045154571533,medio
caprese_salad/3713822,caprese_salad,Caprese salad,-0.05502045154571533,medio
caprese_salad/3770433,caprese_salad,Caprese salad,-0.05502045154571533,medio
caprese_salad/3917386,caprese_salad,Caprese salad,-0.05502045154571533,medio
caprese_salad/754100,caprese_salad,Caprese salad,-0.05502045154571533,medio
caprese_salad/840906,caprese_salad,Caprese salad,-0.05502045154571533,medio
caprese_salad/910255,caprese_salad,Caprese salad,-0.05502045154571533,medio
carrot_cake/1395137,carrot_cake,Carrot cake,-0.05098217725753784,medio
carrot_cake/1452452,carrot_cake,Carrot cake,-0.05098217725753784,medio
carrot_cake/1589109,carrot_cake,Carrot cake,-0.05098217725753784,medio
carrot_cake/179451,carrot_cake,Carrot cake,-0.05098217725753784,medio
carrot_cake/1841433,carrot_cake,Carrot cake,-0.05098217725753784,medio
carrot_cake/2115502,carrot_cake,Carrot cake,-0.05098217725753784,medio
carrot_cake/2277561,carrot_cake,Carrot cake,-0.05098217725753784,medio
carrot_cake/2373504,carrot_cake,Carrot cake,-0.05098217725753784,medio
carrot_cake/2446943,carrot_cake,Carrot cake,-0.05098217725753784,medio
carrot_cake/2504346,carrot_cake,Carrot cake,-0.05098217725753784,medio
carrot_cake/2612589,carrot_cake,Carrot cake,-0.05098217725753784,medio
carrot_cake/2902801,carrot_cake,Carrot cake,-0.05098217725753784,medio
carrot_cake/3186916,carrot_cake,Carrot cake,-0.05098217725753784,medio
carrot_cake/3272953,carrot_cake,Carrot cake,-0.05098217725753784,medio
carrot_cake/3289115,carrot_cake,Carrot cake,-0.05098217725753784,medio
carrot_cake/3365774,carrot_cake,Carrot cake,-0.05098217725753784,medio
carrot_cake/3417748,carrot_cake,Carrot cake,-0.05098217725753784,medio
carrot_cake/3457937,carrot_cake,Carrot cake,-0.05098217725753784,medio
carrot_cake/3482533,carrot_cake,Carrot cake,-0.05098217725753784,medio
carrot_cake/3768473,carrot_cake,Carrot cake,-0.05098217725753784,medio
carrot_cake/48061,carrot_cake,Carrot cake,-0.05098217725753784,medio
carrot_cake/537530,carrot_cake,Carrot cake,-0.05098217725753784,medio
carrot_cake/670927,carrot_cake,Carrot cake,-0.05098217725753784,medio
carrot_cake/731847,carrot_cake,Carrot cake,-0.05098217725753784,medio
carrot_cake/972250,carrot_cake,Carrot cake,-0.05098217725753784,medio
ceviche/102574,ceviche,Ceviche,-0.06944626569747925,dificil
ceviche/108695,ceviche,Ceviche,-0.06944626569747925,dificil
ceviche/127492,ceviche,Ceviche,-0.06944626569747925,dificil
ceviche/128660,ceviche,Ceviche,-0.06944626569747925,dificil
ceviche/157273,ceviche,Ceviche,-0.06944626569747925,dificil
ceviche/2032130,ceviche,Ceviche,-0.06944626569747925,dificil
ceviche/2108320,ceviche,Ceviche,-0.06944626569747925,dificil
ceviche/2112453,ceviche,Ceviche,-0.06944626569747925,dificil
ceviche/2233316,ceviche,Ceviche,-0.06944626569747925,dificil
ceviche/2368795,ceviche,Ceviche,-0.06944626569747925,dificil
ceviche/2394076,ceviche,Ceviche,-0.06944626569747925,dificil
ceviche/2399499,ceviche,Ceviche,-0.06944626569747925,dificil
ceviche/2510418,ceviche,Ceviche,-0.06944626569747925,dificil
ceviche/2850751,ceviche,Ceviche,-0.06944626569747925,dificil
ceviche/2900387,ceviche,Ceviche,-0.06944626569747925,dificil
ceviche/320947,ceviche,Ceviche,-0.06944626569747925,dificil
ceviche/3244846,ceviche,Ceviche,-0.06944626569747925,dificil
ceviche/3864559,ceviche,Ceviche,-0.06944626569747925,dificil
ceviche/593719,ceviche,Ceviche,-0.06944626569747925,dificil
ceviche/596803,ceviche,Ceviche,-0.06944626569747925,dificil
ceviche/606995,ceviche,Ceviche,-0.06944626569747925,dificil
ceviche/626362,ceviche,Ceviche,-0.06944626569747925,dificil
ceviche/820800,ceviche,Ceviche,-0.06944626569747925,dificil
ceviche/889286,ceviche,Ceviche,-0.06944626569747925,dificil
ceviche/996520,ceviche,Ceviche,-0.06944626569747925,dificil
cheese_plate/101176,cheese_plate,Cheese plate,-0.011338770389556885,facil
cheese_plate/1207807,cheese_plate,Cheese plate,-0.011338770389556885,facil
cheese_plate/1210639,cheese_plate,Cheese plate,-0.011338770389556885,facil
cheese_plate/122437,cheese_plate,Cheese plate,-0.011338770389556885,facil
cheese_plate/1422707,cheese_plate,Cheese plate,-0.011338770389556885,facil
cheese_plate/2030118,cheese_plate,Cheese plate,-0.011338770389556885,facil
cheese_plate/2251939,cheese_plate,Cheese plate,-0.011338770389556885,facil
cheese_plate/2342984,cheese_plate,Cheese plate,-0.011338770389556885,facil
cheese_plate/2852832,cheese_plate,Cheese plate,-0.011338770389556885,facil
cheese_plate/286905,cheese_plate,Cheese plate,-0.011338770389556885,facil
cheese_plate/2936530,cheese_plate,Cheese plate,-0.011338770389556885,facil
cheese_plate/3241354,cheese_plate,Cheese plate,-0.011338770389556885,facil
cheese_plate/3293044,cheese_plate,Cheese plate,-0.011338770389556885,facil
cheese_plate/3444297,cheese_plate,Cheese plate,-0.011338770389556885,facil
cheese_plate/3660496,cheese_plate,Cheese plate,-0.011338770389556885,facil
cheese_plate/3797343,cheese_plate,Cheese plate,-0.011338770389556885,facil
cheese_plate/55739,cheese_plate,Cheese plate,-0.011338770389556885,facil
cheese_plate/564853,cheese_plate,Cheese plate,-0.011338770389556885,facil
cheese_plate/582909,cheese_plate,Cheese plate,-0.011338770389556885,facil
cheese_plate/634135,cheese_plate,Cheese plate,-0.011338770389556885,facil
cheese_plate/707584,cheese_plate,Cheese plate,-0.011338770389556885,facil
cheese_plate/732907,cheese_plate,Cheese plate,-0.011338770389556885,facil
cheese_plate/827265,cheese_plate,Cheese plate,-0.011338770389556885,facil
cheese_plate/889566,cheese_plate,Cheese plate,-0.011338770389556885,facil
cheese_plate/909033,cheese_plate,Cheese plate,-0.011338770389556885,facil
cheesecake/1241400,cheesecake,Cheesecake,-0.09221780300140381,dificil
cheesecake/1349038,cheesecake,Cheesecake,-0.09221780300140381,dificil
cheesecake/1383955,cheesecake,Cheesecake,-0.09221780300140381,dificil
cheesecake/1469076,cheesecake,Cheesecake,-0.09221780300140381,dificil
cheesecake/1498417,cheesecake,Cheesecake,-0.09221780300140381,dificil
cheesecake/1707618,cheesecake,Cheesecake,-0.09221780300140381,dificil
cheesecake/1725587,cheesecake,Cheesecake,-0.09221780300140381,dificil
cheesecake/1725779,cheesecake,Cheesecake,-0.09221780300140381,dificil
cheesecake/1750456,cheesecake,Cheesecake,-0.09221780300140381,dificil
cheesecake/1855433,cheesecake,Cheesecake,-0.09221780300140381,dificil
cheesecake/1894630,cheesecake,Cheesecake,-0.09221780300140381,dificil
cheesecake/2369103,cheesecake,Cheesecake,-0.09221780300140381,dificil
cheesecake/2454449,cheesecake,Cheesecake,-0.09221780300140381,dificil
cheesecake/2761370,cheesecake,Cheesecake,-0.09221780300140381,dificil
cheesecake/280106,cheesecake,Cheesecake,-0.09221780300140381,dificil
cheesecake/293760,cheesecake,Cheesecake,-0.09221780300140381,dificil
cheesecake/3047613,cheesecake,Cheesecake,-0.09221780300140381,dificil
cheesecake/3438209,cheesecake,Cheesecake,-0.09221780300140381,dificil
cheesecake/3442365,cheesecake,Cheesecake,-0.09221780300140381,dificil
cheesecake/3575533,cheesecake,Cheesecake,-0.09221780300140381,dificil
cheesecake/483821,cheesecake,Cheesecake,-0.09221780300140381,dificil
cheesecake/526834,cheesecake,Cheesecake,-0.09221780300140381,dificil
cheesecake/570321,cheesecake,Cheesecake,-0.09221780300140381,dificil
cheesecake/684738,cheesecake,Cheesecake,-0.09221780300140381,dificil
cheesecake/838793,cheesecake,Cheesecake,-0.09221780300140381,dificil
chicken_curry/108559,chicken_curry,Chicken curry,-0.04780179262161255,medio
chicken_curry/1236329,chicken_curry,Chicken curry,-0.04780179262161255,medio
chicken_curry/1333857,chicken_curry,Chicken curry,-0.04780179262161255,medio
chicken_curry/137997,chicken_curry,Chicken curry,-0.04780179262161255,medio
chicken_curry/1531038,chicken_curry,Chicken curry,-0.04780179262161255,medio
chicken_curry/1591707,chicken_curry,Chicken curry,-0.04780179262161255,medio
chicken_curry/190984,chicken_curry,Chicken curry,-0.04780179262161255,medio
chicken_curry/1943038,chicken_curry,Chicken curry,-0.04780179262161255,medio
chicken_curry/1944189,chicken_curry,Chicken curry,-0.04780179262161255,medio
chicken_curry/201225,chicken_curry,Chicken curry,-0.04780179262161255,medio
chicken_curry/2249022,chicken_curry,Chicken curry,-0.04780179262161255,medio
chicken_curry/2411032,chicken_curry,Chicken curry,-0.04780179262161255,medio
chicken_curry/2600288,chicken_curry,Chicken curry,-0.04780179262161255,medio
chicken_curry/2843978,chicken_curry,Chicken curry,-0.04780179262161255,medio
chicken_curry/2969848,chicken_curry,Chicken curry,-0.04780179262161255,medio
chicken_curry/3050643,chicken_curry,Chicken curry,-0.04780179262161255,medio
chicken_curry/3305783,chicken_curry,Chicken curry,-0.04780179262161255,medio
chicken_curry/3439631,chicken_curry,Chicken curry,-0.04780179262161255,medio
chicken_curry/3578703,chicken_curry,Chicken curry,-0.04780179262161255,medio
chicken_curry/364808,chicken_curry,Chicken curry,-0.04780179262161255,medio
chicken_curry/3737408,chicken_curry,Chicken curry,-0.04780179262161255,medio
chicken_curry/3895340,chicken_curry,Chicken curry,-0.04780179262161255,medio
chicken_curry/737330,chicken_curry,Chicken curry,-0.04780179262161255,medio
chicken_curry/846708,chicken_curry,Chicken curry,-0.04780179262161255,medio
chicken_curry/847697,chicken_curry,Chicken curry,-0.04780179262161255,medio
chicken_quesadilla/1227538,chicken_quesadilla,Chicken quesadilla,-0.0716429352760315,dificil
chicken_quesadilla/1238682,chicken_quesadilla,Chicken quesadilla,-0.0716429352760315,dificil
chicken_quesadilla/1336221,chicken_quesadilla,Chicken quesadilla,-0.0716429352760315,dificil
chicken_quesadilla/1597364,chicken_quesadilla,Chicken quesadilla,-0.0716429352760315,dificil
chicken_quesadilla/167918,chicken_quesadilla,Chicken quesadilla,-0.0716429352760315,dificil
chicken_quesadilla/173397,chicken_quesadilla,Chicken quesadilla,-0.0716429352760315,dificil
chicken_quesadilla/1748857,chicken_quesadilla,Chicken quesadilla,-0.0716429352760315,dificil
chicken_quesadilla/1806916,chicken_quesadilla,Chicken quesadilla,-0.0716429352760315,dificil
chicken_quesadilla/1960526,chicken_quesadilla,Chicken quesadilla,-0.0716429352760315,dificil
chicken_quesadilla/2100664,chicken_quesadilla,Chicken quesadilla,-0.0716429352760315,dificil
chicken_quesadilla/2107031,chicken_quesadilla,Chicken quesadilla,-0.0716429352760315,dificil
chicken_quesadilla/2369172,chicken_quesadilla,Chicken quesadilla,-0.0716429352760315,dificil
chicken_quesadilla/2728692,chicken_quesadilla,Chicken quesadilla,-0.0716429352760315,dificil
chicken_quesadilla/2918136,chicken_quesadilla,Chicken quesadilla,-0.0716429352760315,dificil
chicken_quesadilla/2938135,chicken_quesadilla,Chicken quesadilla,-0.0716429352760315,dificil
chicken_quesadilla/2991536,chicken_quesadilla,Chicken quesadilla,-0.0716429352760315,dificil
chicken_quesadilla/3270870,chicken_quesadilla,Chicken quesadilla,-0.0716429352760315,dificil
chicken_quesadilla/3282314,chicken_quesadilla,Chicken quesadilla,-0.0716429352760315,dificil
chicken_quesadilla/3319078,chicken_quesadilla,Chicken quesadilla,-0.0716429352760315,dificil
chicken_quesadilla/404193,chicken_quesadilla,Chicken quesadilla,-0.0716429352760315,dificil
chicken_quesadilla/629804,chicken_quesadilla,Chicken quesadilla,-0.0716429352760315,dificil
chicken_quesadilla/715672,chicken_quesadilla,Chicken quesadilla,-0.0716429352760315,dificil
chicken_quesadilla/831416,chicken_quesadilla,Chicken quesadilla,-0.0716429352760315,dificil
chicken_quesadilla/905243,chicken_quesadilla,Chicken quesadilla,-0.0716429352760315,dificil
chicken_quesadilla/921154,chicken_quesadilla,Chicken quesadilla,-0.0716429352760315,dificil
chicken_wings/1010547,chicken_wings,Chicken wings,-0.009494185447692871,facil
chicken_wings/1038379,chicken_wings,Chicken wings,-0.009494185447692871,facil
chicken_wings/1070639,chicken_wings,Chicken wings,-0.009494185447692871,facil
chicken_wings/138864,chicken_wings,Chicken wings,-0.009494185447692871,facil
chicken_wings/1432342,chicken_wings,Chicken wings,-0.009494185447692871,facil
chicken_wings/1889638,chicken_wings,Chicken wings,-0.009494185447692871,facil
chicken_wings/2042136,chicken_wings,Chicken wings,-0.009494185447692871,facil
chicken_wings/2098430,chicken_wings,Chicken wings,-0.009494185447692871,facil
chicken_wings/2248810,chicken_wings,Chicken wings,-0.009494185447692871,facil
chicken_wings/2477252,chicken_wings,Chicken wings,-0.009494185447692871,facil
chicken_wings/249723,chicken_wings,Chicken wings,-0.009494185447692871,facil
chicken_wings/2681816,chicken_wings,Chicken wings,-0.009494185447692871,facil
chicken_wings/2684894,chicken_wings,Chicken wings,-0.009494185447692871,facil
chicken_wings/2816983,chicken_wings,Chicken wings,-0.009494185447692871,facil
chicken_wings/2872120,chicken_wings,Chicken wings,-0.009494185447692871,facil
chicken_wings/3052498,chicken_wings,Chicken wings,-0.009494185447692871,facil
chicken_wings/3096738,chicken_wings,Chicken wings,-0.009494185447692871,facil
chicken_wings/3276721,chicken_wings,Chicken wings,-0.009494185447692871,facil
chicken_wings/3494050,chicken_wings,Chicken wings,-0.009494185447692871,facil
chicken_wings/3517335,chicken_wings,Chicken wings,-0.009494185447692871,facil
chicken_wings/471880,chicken_wings,Chicken wings,-0.009494185447692871,facil
chicken_wings/488252,chicken_wings,Chicken wings,-0.009494185447692871,facil
chicken_wings/507904,chicken_wings,Chicken wings,-0.009494185447692871,facil
chicken_wings/670412,chicken_wings,Chicken wings,-0.009494185447692871,facil
chicken_wings/73866,chicken_wings,Chicken wings,-0.009494185447692871,facil
chocolate_cake/111163,chocolate_cake,Chocolate cake,-0.06896501779556274,dificil
chocolate_cake/1227672,chocolate_cake,Chocolate cake,-0.06896501779556274,dificil
chocolate_cake/1319076,chocolate_cake,Chocolate cake,-0.06896501779556274,dificil
chocolate_cake/1520283,chocolate_cake,Chocolate cake,-0.06896501779556274,dificil
chocolate_cake/1795659,chocolate_cake,Chocolate cake,-0.06896501779556274,dificil
chocolate_cake/1912325,chocolate_cake,Chocolate cake,-0.06896501779556274,dificil
chocolate_cake/2300015,chocolate_cake,Chocolate cake,-0.06896501779556274,dificil
chocolate_cake/2542235,chocolate_cake,Chocolate cake,-0.06896501779556274,dificil
chocolate_cake/2559322,chocolate_cake,Chocolate cake,-0.06896501779556274,dificil
chocolate_cake/2613929,chocolate_cake,Chocolate cake,-0.06896501779556274,dificil
chocolate_cake/2669083,chocolate_cake,Chocolate cake,-0.06896501779556274,dificil
chocolate_cake/2899046,chocolate_cake,Chocolate cake,-0.06896501779556274,dificil
chocolate_cake/2916891,chocolate_cake,Chocolate cake,-0.06896501779556274,dificil
chocolate_cake/2933079,chocolate_cake,Chocolate cake,-0.06896501779556274,dificil
chocolate_cake/2963302,chocolate_cake,Chocolate cake,-0.06896501779556274,dificil
chocolate_cake/2968148,chocolate_cake,Chocolate cake,-0.06896501779556274,dificil
chocolate_cake/3112536,chocolate_cake,Chocolate cake,-0.06896501779556274,dificil
chocolate_cake/3150326,chocolate_cake,Chocolate cake,-0.06896501779556274,dificil
chocolate_cake/367914,chocolate_cake,Chocolate cake,-0.06896501779556274,dificil
chocolate_cake/3707204,chocolate_cake,Chocolate cake,-0.06896501779556274,dificil
chocolate_cake/460260,chocolate_cake,Chocolate cake,-0.06896501779556274,dificil
chocolate_cake/482110,chocolate_cake,Chocolate cake,-0.06896501779556274,dificil
chocolate_cake/486074,chocolate_cake,Chocolate cake,-0.06896501779556274,dificil
chocolate_cake/703162,chocolate_cake,Chocolate cake,-0.06896501779556274,dificil
chocolate_cake/71490,chocolate_cake,Chocolate cake,-0.06896501779556274,dificil
chocolate_mousse/1081685,chocolate_mousse,Chocolate mousse,-0.09143352508544922,dificil
chocolate_mousse/1291902,chocolate_mousse,Chocolate mousse,-0.09143352508544922,dificil
chocolate_mousse/1399962,chocolate_mousse,Chocolate mousse,-0.09143352508544922,dificil
chocolate_mousse/1430090,chocolate_mousse,Chocolate mousse,-0.09143352508544922,dificil
chocolate_mousse/1596230,chocolate_mousse,Chocolate mousse,-0.09143352508544922,dificil
chocolate_mousse/1665781,chocolate_mousse,Chocolate mousse,-0.09143352508544922,dificil
chocolate_mousse/1886376,chocolate_mousse,Chocolate mousse,-0.09143352508544922,dificil
chocolate_mousse/2175625,chocolate_mousse,Chocolate mousse,-0.09143352508544922,dificil
chocolate_mousse/2277945,chocolate_mousse,Chocolate mousse,-0.09143352508544922,dificil
chocolate_mousse/2310232,chocolate_mousse,Chocolate mousse,-0.09143352508544922,dificil
chocolate_mousse/2597597,chocolate_mousse,Chocolate mousse,-0.09143352508544922,dificil
chocolate_mousse/2707092,chocolate_mousse,Chocolate mousse,-0.09143352508544922,dificil
chocolate_mousse/2805480,chocolate_mousse,Chocolate mousse,-0.09143352508544922,dificil
chocolate_mousse/284518,chocolate_mousse,Chocolate mousse,-0.09143352508544922,dificil
chocolate_mousse/2970685,chocolate_mousse,Chocolate mousse,-0.09143352508544922,dificil
chocolate_mousse/29986,chocolate_mousse,Chocolate mousse,-0.09143352508544922,dificil
chocolate_mousse/3323988,chocolate_mousse,Chocolate mousse,-0.09143352508544922,dificil
chocolate_mousse/3346226,chocolate_mousse,Chocolate mousse,-0.09143352508544922,dificil
chocolate_mousse/3419734,chocolate_mousse,Chocolate mousse,-0.09143352508544922,dificil
chocolate_mousse/3850765,chocolate_mousse,Chocolate mousse,-0.09143352508544922,dificil
chocolate_mousse/407076,chocolate_mousse,Chocolate mousse,-0.09143352508544922,dificil
chocolate_mousse/612385,chocolate_mousse,Chocolate mousse,-0.09143352508544922,dificil
chocolate_mousse/706122,chocolate_mousse,Chocolate mousse,-0.09143352508544922,dificil
chocolate_mousse/779775,chocolate_mousse,Chocolate mousse,-0.09143352508544922,dificil
chocolate_mousse/882665,chocolate_mousse,Chocolate mousse,-0.09143352508544922,dificil
churros/1074903,churros,Churros,-0.058189213275909424,medio
churros/1173613,churros,Churros,-0.058189213275909424,medio
churros/127590,churros,Churros,-0.058189213275909424,medio
churros/1881699,churros,Churros,-0.058189213275909424,medio
churros/2315601,churros,Churros,-0.058189213275909424,medio
churros/2371997,churros,Churros,-0.058189213275909424,medio
churros/2399421,churros,Churros,-0.058189213275909424,medio
churros/255168,churros,Churros,-0.058189213275909424,medio
churros/2555793,churros,Churros,-0.058189213275909424,medio
churros/2562650,churros,Churros,-0.058189213275909424,medio
churros/256560,churros,Churros,-0.058189213275909424,medio
churros/2813469,churros,Churros,-0.058189213275909424,medio
churros/2987007,churros,Churros,-0.058189213275909424,medio
churros/3058558,churros,Churros,-0.058189213275909424,medio
churros/3103265,churros,Churros,-0.058189213275909424,medio
churros/3546196,churros,Churros,-0.058189213275909424,medio
churros/3593479,churros,Churros,-0.058189213275909424,medio
churros/3819477,churros,Churros,-0.058189213275909424,medio
churros/3853943,churros,Churros,-0.058189213275909424,medio
churros/467000,churros,Churros,-0.058189213275909424,medio
churros/654124,churros,Churros,-0.058189213275909424,medio
churros/787060,churros,Churros,-0.058189213275909424,medio
churros/835912,churros,Churros,-0.058189213275909424,medio
churros/841972,churros,Churros,-0.058189213275909424,medio
churros/884571,churros,Churros,-0.058189213275909424,medio
clam_chowder/1313844,clam_chowder,Clam chowder,-0.05044788122177124,medio
clam_chowder/1466430,clam_chowder,Clam chowder,-0.05044788122177124,medio
clam_chowder/1539599,clam_chowder,Clam chowder,-0.05044788122177124,medio
clam_chowder/1634015,clam_chowder,Clam chowder,-0.05044788122177124,medio
clam_chowder/1717837,clam_chowder,Clam chowder,-0.05044788122177124,medio
clam_chowder/1938445,clam_chowder,Clam chowder,-0.05044788122177124,medio
clam_chowder/1945153,clam_chowder,Clam chowder,-0.05044788122177124,medio
clam_chowder/1981346,clam_chowder,Clam chowder,-0.05044788122177124,medio
clam_chowder/2176685,clam_chowder,Clam chowder,-0.05044788122177124,medio
clam_chowder/21937,clam_chowder,Clam chowder,-0.05044788122177124,medio
clam_chowder/24457,clam_chowder,Clam chowder,-0.05044788122177124,medio
clam_chowder/2699667,clam_chowder,Clam chowder,-0.05044788122177124,medio
clam_chowder/2754706,clam_chowder,Clam chowder,-0.05044788122177124,medio
clam_chowder/2859164,clam_chowder,Clam chowder,-0.05044788122177124,medio
clam_chowder/3033602,clam_chowder,Clam chowder,-0.05044788122177124,medio
clam_chowder/306757,clam_chowder,Clam chowder,-0.05044788122177124,medio
clam_chowder/3395059,clam_chowder,Clam chowder,-0.05044788122177124,medio
clam_chowder/3534589,clam_chowder,Clam chowder,-0.05044788122177124,medio
clam_chowder/3648290,clam_chowder,Clam chowder,-0.05044788122177124,medio
clam_chowder/378651,clam_chowder,Clam chowder,-0.05044788122177124,medio
clam_chowder/3798210,clam_chowder,Clam chowder,-0.05044788122177124,medio
clam_chowder/448736,clam_chowder,Clam chowder,-0.05044788122177124,medio
clam_chowder/678193,clam_chowder,Clam chowder,-0.05044788122177124,medio
clam_chowder/770062,clam_chowder,Clam chowder,-0.05044788122177124,medio
clam_chowder/854111,clam_chowder,Clam chowder,-0.05044788122177124,medio
club_sandwich/1145598,club_sandwich,Club sandwich,-0.034908413887023926,facil
club_sandwich/1290943,club_sandwich,Club sandwich,-0.034908413887023926,facil
club_sandwich/1402597,club_sandwich,Club sandwich,-0.034908413887023926,facil
club_sandwich/1523790,club_sandwich,Club sandwich,-0.034908413887023926,facil
club_sandwich/1658564,club_sandwich,Club sandwich,-0.034908413887023926,facil
club_sandwich/1700893,club_sandwich,Club sandwich,-0.034908413887023926,facil
club_sandwich/1782847,club_sandwich,Club sandwich,-0.034908413887023926,facil
club_sandwich/1811271,club_sandwich,Club sandwich,-0.034908413887023926,facil
club_sandwich/1825791,club_sandwich,Club sandwich,-0.034908413887023926,facil
club_sandwich/1971725,club_sandwich,Club sandwich,-0.034908413887023926,facil
club_sandwich/2369002,club_sandwich,Club sandwich,-0.034908413887023926,facil
club_sandwich/2618500,club_sandwich,Club sandwich,-0.034908413887023926,facil
club_sandwich/2767736,club_sandwich,Club sandwich,-0.034908413887023926,facil
club_sandwich/2775843,club_sandwich,Club sandwich,-0.034908413887023926,facil
club_sandwich/3081303,club_sandwich,Club sandwich,-0.034908413887023926,facil
club_sandwich/3134919,club_sandwich,Club sandwich,-0.034908413887023926,facil
club_sandwich/3429973,club_sandwich,Club sandwich,-0.034908413887023926,facil
club_sandwich/3454113,club_sandwich,Club sandwich,-0.034908413887023926,facil
club_sandwich/3716163,club_sandwich,Club sandwich,-0.034908413887023926,facil
club_sandwich/3821957,club_sandwich,Club sandwich,-0.034908413887023926,facil
club_sandwich/546775,club_sandwich,Club sandwich,-0.034908413887023926,facil
club_sandwich/619271,club_sandwich,Club sandwich,-0.034908413887023926,facil
club_sandwich/836223,club_sandwich,Club sandwich,-0.034908413887023926,facil
club_sandwich/837798,club_sandwich,Club sandwich,-0.034908413887023926,facil
club_sandwich/869999,club_sandwich,Club sandwich,-0.034908413887023926,facil
crab_cakes/124459,crab_cakes,Crab cakes,-0.053281426429748535,medio
crab_cakes/1401078,crab_cakes,Crab cakes,-0.053281426429748535,medio
crab_cakes/1447846,crab_cakes,Crab cakes,-0.053281426429748535,medio
crab_cakes/1589554,crab_cakes,Crab cakes,-0.053281426429748535,medio
crab_cakes/1707460,crab_cakes,Crab cakes,-0.053281426429748535,medio
crab_cakes/1709886,crab_cakes,Crab cakes,-0.053281426429748535,medio
crab_cakes/2018057,crab_cakes,Crab cakes,-0.053281426429748535,medio
crab_cakes/2369956,crab_cakes,Crab cakes,-0.053281426429748535,medio
crab_cakes/2378744,crab_cakes,Crab cakes,-0.053281426429748535,medio
crab_cakes/2390536,crab_cakes,Crab cakes,-0.053281426429748535,medio
crab_cakes/2594773,crab_cakes,Crab cakes,-0.053281426429748535,medio
crab_cakes/2638707,crab_cakes,Crab cakes,-0.053281426429748535,medio
crab_cakes/2698357,crab_cakes,Crab cakes,-0.053281426429748535,medio
crab_cakes/2903906,crab_cakes,Crab cakes,-0.053281426429748535,medio
crab_cakes/3079437,crab_cakes,Crab cakes,-0.053281426429748535,medio
crab_cakes/3468933,crab_cakes,Crab cakes,-0.053281426429748535,medio
crab_cakes/34918,crab_cakes,Crab cakes,-0.053281426429748535,medio
crab_cakes/3618166,crab_cakes,Crab cakes,-0.053281426429748535,medio
crab_cakes/3797757,crab_cakes,Crab cakes,-0.053281426429748535,medio
crab_cakes/3907087,crab_cakes,Crab cakes,-0.053281426429748535,medio
crab_cakes/419921,crab_cakes,Crab cakes,-0.053281426429748535,medio
crab_cakes/480691,crab_cakes,Crab cakes,-0.053281426429748535,medio
crab_cakes/508126,crab_cakes,Crab cakes,-0.053281426429748535,medio
crab_cakes/527432,crab_cakes,Crab cakes,-0.053281426429748535,medio
crab_cakes/606021,crab_cakes,Crab cakes,-0.053281426429748535,medio
creme_brulee/1008540,creme_brulee,Creme brulee,-0.07262343168258667,dificil
creme_brulee/1026621,creme_brulee,Creme brulee,-0.07262343168258667,dificil
creme_brulee/1054485,creme_brulee,Creme brulee,-0.07262343168258667,dificil
creme_brulee/1269463,creme_brulee,Creme brulee,-0.07262343168258667,dificil
creme_brulee/1436627,creme_brulee,Creme brulee,-0.07262343168258667,dificil
creme_brulee/1558189,creme_brulee,Creme brulee,-0.07262343168258667,dificil
creme_brulee/1586127,creme_brulee,Creme brulee,-0.07262343168258667,dificil
creme_brulee/1723701,creme_brulee,Creme brulee,-0.07262343168258667,dificil
creme_brulee/1992951,creme_brulee,Creme brulee,-0.07262343168258667,dificil
creme_brulee/1994075,creme_brulee,Creme brulee,-0.07262343168258667,dificil
creme_brulee/1996517,creme_brulee,Creme brulee,-0.07262343168258667,dificil
creme_brulee/2374770,creme_brulee,Creme brulee,-0.07262343168258667,dificil
creme_brulee/2449383,creme_brulee,Creme brulee,-0.07262343168258667,dificil
creme_brulee/2979592,creme_brulee,Creme brulee,-0.07262343168258667,dificil
creme_brulee/3006331,creme_brulee,Creme brulee,-0.07262343168258667,dificil
creme_brulee/3011870,creme_brulee,Creme brulee,-0.07262343168258667,dificil
creme_brulee/3430334,creme_brulee,Creme brulee,-0.07262343168258667,dificil
creme_brulee/364134,creme_brulee,Creme brulee,-0.07262343168258667,dificil
creme_brulee/3762126,creme_brulee,Creme brulee,-0.07262343168258667,dificil
creme_brulee/394204,creme_brulee,Creme brulee,-0.07262343168258667,dificil
creme_brulee/560477,creme_brulee,Creme brulee,-0.07262343168258667,dificil
creme_brulee/624714,creme_brulee,Creme brulee,-0.07262343168258667,dificil
creme_brulee/631111,creme_brulee,Creme brulee,-0.07262343168258667,dificil
creme_brulee/63855,creme_brulee,Creme brulee,-0.07262343168258667,dificil
creme_brulee/672039,creme_brulee,Creme brulee,-0.07262343168258667,dificil
croque_madame/1107831,croque_madame,Croque madame,-0.06039232015609741,medio
croque_madame/1497073,croque_madame,Croque madame,-0.06039232015609741,medio
croque_madame/1791773,croque_madame,Croque madame,-0.06039232015609741,medio
croque_madame/1846760,croque_madame,Croque madame,-0.06039232015609741,medio
croque_madame/1982560,croque_madame,Croque madame,-0.06039232015609741,medio
croque_madame/2294293,croque_madame,Croque madame,-0.06039232015609741,medio
croque_madame/243636,croque_madame,Croque madame,-0.06039232015609741,medio
croque_madame/2543047,croque_madame,Croque madame,-0.06039232015609741,medio
croque_madame/2580175,croque_madame,Croque madame,-0.06039232015609741,medio
croque_madame/2581717,croque_madame,Croque madame,-0.06039232015609741,medio
croque_madame/2712075,croque_madame,Croque madame,-0.06039232015609741,medio
croque_madame/2784918,croque_madame,Croque madame,-0.06039232015609741,medio
croque_madame/2970963,croque_madame,Croque madame,-0.06039232015609741,medio
croque_madame/2989550,croque_madame,Croque madame,-0.06039232015609741,medio
croque_madame/3003916,croque_madame,Croque madame,-0.06039232015609741,medio
croque_madame/3056555,croque_madame,Croque madame,-0.06039232015609741,medio
croque_madame/3359283,croque_madame,Croque madame,-0.06039232015609741,medio
croque_madame/3584334,croque_madame,Croque madame,-0.06039232015609741,medio
croque_madame/427955,croque_madame,Croque madame,-0.06039232015609741,medio
croque_madame/485454,croque_madame,Croque madame,-0.06039232015609741,medio
croque_madame/794800,croque_madame,Croque madame,-0.06039232015609741,medio
croque_madame/88150,croque_madame,Croque madame,-0.06039232015609741,medio
croque_madame/883931,croque_madame,Croque madame,-0.06039232015609741,medio
croque_madame/892944,croque_madame,Croque madame,-0.06039232015609741,medio
croque_madame/90663,croque_madame,Croque madame,-0.06039232015609741,medio
cup_cakes/1012836,cup_cakes,Cup cakes,-0.006734907627105713,facil
cup_cakes/1016810,cup_cakes,Cup cakes,-0.006734907627105713,facil
cup_cakes/1298306,cup_cakes,Cup cakes,-0.006734907627105713,facil
cup_cakes/1317600,cup_cakes,Cup cakes,-0.006734907627105713,facil
cup_cakes/1504350,cup_cakes,Cup cakes,-0.006734907627105713,facil
cup_cakes/1505013,cup_cakes,Cup cakes,-0.006734907627105713,facil
cup_cakes/185423,cup_cakes,Cup cakes,-0.006734907627105713,facil
cup_cakes/188203,cup_cakes,Cup cakes,-0.006734907627105713,facil
cup_cakes/2018881,cup_cakes,Cup cakes,-0.006734907627105713,facil
cup_cakes/2266292,cup_cakes,Cup cakes,-0.006734907627105713,facil
cup_cakes/2348570,cup_cakes,Cup cakes,-0.006734907627105713,facil
cup_cakes/236458,cup_cakes,Cup cakes,-0.006734907627105713,facil
cup_cakes/2401347,cup_cakes,Cup cakes,-0.006734907627105713,facil
cup_cakes/2715322,cup_cakes,Cup cakes,-0.006734907627105713,facil
cup_cakes/2734832,cup_cakes,Cup cakes,-0.006734907627105713,facil
cup_cakes/3321964,cup_cakes,Cup cakes,-0.006734907627105713,facil
cup_cakes/3374947,cup_cakes,Cup cakes,-0.006734907627105713,facil
cup_cakes/398453,cup_cakes,Cup cakes,-0.006734907627105713,facil
cup_cakes/559710,cup_cakes,Cup cakes,-0.006734907627105713,facil
cup_cakes/595906,cup_cakes,Cup cakes,-0.006734907627105713,facil
cup_cakes/647517,cup_cakes,Cup cakes,-0.006734907627105713,facil
cup_cakes/69570,cup_cakes,Cup cakes,-0.006734907627105713,facil
cup_cakes/70180,cup_cakes,Cup cakes,-0.006734907627105713,facil
cup_cakes/824299,cup_cakes,Cup cakes,-0.006734907627105713,facil
cup_cakes/845001,cup_cakes,Cup cakes,-0.006734907627105713,facil
deviled_eggs/1015530,deviled_eggs,Deviled eggs,-0.02454507350921631,facil
deviled_eggs/1221483,deviled_eggs,Deviled eggs,-0.02454507350921631,facil
deviled_eggs/1231284,deviled_eggs,Deviled eggs,-0.02454507350921631,facil
deviled_eggs/1283240,deviled_eggs,Deviled eggs,-0.02454507350921631,facil
deviled_eggs/1441897,deviled_eggs,Deviled eggs,-0.02454507350921631,facil
deviled_eggs/1562496,deviled_eggs,Deviled eggs,-0.02454507350921631,facil
deviled_eggs/1625605,deviled_eggs,Deviled eggs,-0.02454507350921631,facil
deviled_eggs/1655266,deviled_eggs,Deviled eggs,-0.02454507350921631,facil
deviled_eggs/1825090,deviled_eggs,Deviled eggs,-0.02454507350921631,facil
deviled_eggs/1832971,deviled_eggs,Deviled eggs,-0.02454507350921631,facil
deviled_eggs/1914258,deviled_eggs,Deviled eggs,-0.02454507350921631,facil
deviled_eggs/1915594,deviled_eggs,Deviled eggs,-0.02454507350921631,facil
deviled_eggs/1930944,deviled_eggs,Deviled eggs,-0.02454507350921631,facil
deviled_eggs/2003903,deviled_eggs,Deviled eggs,-0.02454507350921631,facil
deviled_eggs/2432171,deviled_eggs,Deviled eggs,-0.02454507350921631,facil
deviled_eggs/2507500,deviled_eggs,Deviled eggs,-0.02454507350921631,facil
deviled_eggs/2630080,deviled_eggs,Deviled eggs,-0.02454507350921631,facil
deviled_eggs/2697260,deviled_eggs,Deviled eggs,-0.02454507350921631,facil
deviled_eggs/2710351,deviled_eggs,Deviled eggs,-0.02454507350921631,facil
deviled_eggs/3098795,deviled_eggs,Deviled eggs,-0.02454507350921631,facil
deviled_eggs/325018,deviled_eggs,Deviled eggs,-0.02454507350921631,facil
deviled_eggs/3518723,deviled_eggs,Deviled eggs,-0.02454507350921631,facil
deviled_eggs/3742829,deviled_eggs,Deviled eggs,-0.02454507350921631,facil
deviled_eggs/3849532,deviled_eggs,Deviled eggs,-0.02454507350921631,facil
deviled_eggs/682268,deviled_eggs,Deviled eggs,-0.02454507350921631,facil
donuts/1078111,donuts,Donuts,0.006434619426727295,facil
donuts/1217620,donuts,Donuts,0.006434619426727295,facil
donuts/164423,donuts,Donuts,0.006434619426727295,facil
donuts/177254,donuts,Donuts,0.006434619426727295,facil
donuts/1819214,donuts,Donuts,0.006434619426727295,facil
donuts/1912405,donuts,Donuts,0.006434619426727295,facil
donuts/2166009,donuts,Donuts,0.006434619426727295,facil
donuts/222806,donuts,Donuts,0.006434619426727295,facil
donuts/2512529,donuts,Donuts,0.006434619426727295,facil
donuts/2519834,donuts,Donuts,0.006434619426727295,facil
donuts/2538603,donuts,Donuts,0.006434619426727295,facil
donuts/2588046,donuts,Donuts,0.006434619426727295,facil
donuts/2750068,donuts,Donuts,0.006434619426727295,facil
donuts/2892362,donuts,Donuts,0.006434619426727295,facil
donuts/3049824,donuts,Donuts,0.006434619426727295,facil
donuts/3484272,donuts,Donuts,0.006434619426727295,facil
donuts/3518454,donuts,Donuts,0.006434619426727295,facil
donuts/361877,donuts,Donuts,0.006434619426727295,facil
donuts/3654140,donuts,Donuts,0.006434619426727295,facil
donuts/3737217,donuts,Donuts,0.006434619426727295,facil
donuts/520738,donuts,Donuts,0.006434619426727295,facil
donuts/613632,donuts,Donuts,0.006434619426727295,facil
donuts/633545,donuts,Donuts,0.006434619426727295,facil
donuts/799820,donuts,Donuts,0.006434619426727295,facil
donuts/872191,donuts,Donuts,0.006434619426727295,facil
dumplings/117231,dumplings,Dumplings,0.05294334888458252,facil
dumplings/1256402,dumplings,Dumplings,0.05294334888458252,facil
dumplings/1281900,dumplings,Dumplings,0.05294334888458252,facil
dumplings/1446561,dumplings,Dumplings,0.05294334888458252,facil
dumplings/15535,dumplings,Dumplings,0.05294334888458252,facil
dumplings/1833819,dumplings,Dumplings,0.05294334888458252,facil
dumplings/2108794,dumplings,Dumplings,0.05294334888458252,facil
dumplings/2126760,dumplings,Dumplings,0.05294334888458252,facil
dumplings/2166764,dumplings,Dumplings,0.05294334888458252,facil
dumplings/2254635,dumplings,Dumplings,0.05294334888458252,facil
dumplings/2439507,dumplings,Dumplings,0.05294334888458252,facil
dumplings/2524385,dumplings,Dumplings,0.05294334888458252,facil
dumplings/2736144,dumplings,Dumplings,0.05294334888458252,facil
dumplings/2942258,dumplings,Dumplings,0.05294334888458252,facil
dumplings/327045,dumplings,Dumplings,0.05294334888458252,facil
dumplings/3363745,dumplings,Dumplings,0.05294334888458252,facil
dumplings/35818,dumplings,Dumplings,0.05294334888458252,facil
dumplings/3646892,dumplings,Dumplings,0.05294334888458252,facil
dumplings/3884180,dumplings,Dumplings,0.05294334888458252,facil
dumplings/456799,dumplings,Dumplings,0.05294334888458252,facil
dumplings/636766,dumplings,Dumplings,0.05294334888458252,facil
dumplings/821593,dumplings,Dumplings,0.05294334888458252,facil
dumplings/834049,dumplings,Dumplings,0.05294334888458252,facil
dumplings/873452,dumplings,Dumplings,0.05294334888458252,facil
dumplings/937912,dumplings,Dumplings,0.05294334888458252,facil
edamame/1245954,edamame,Edamame,0.059963107109069824,facil
edamame/1318975,edamame,Edamame,0.059963107109069824,facil
edamame/1358862,edamame,Edamame,0.059963107109069824,facil
edamame/1416646,edamame,Edamame,0.059963107109069824,facil
edamame/1832203,edamame,Edamame,0.059963107109069824,facil
edamame/1836334,edamame,Edamame,0.059963107109069824,facil
edamame/2285234,edamame,Edamame,0.059963107109069824,facil
edamame/2875416,edamame,Edamame,0.059963107109069824,facil
edamame/2902020,edamame,Edamame,0.059963107109069824,facil
edamame/2937161,edamame,Edamame,0.059963107109069824,facil
edamame/2974998,edamame,Edamame,0.059963107109069824,facil
edamame/3039972,edamame,Edamame,0.059963107109069824,facil
edamame/3043840,edamame,Edamame,0.059963107109069824,facil
edamame/3130749,edamame,Edamame,0.059963107109069824,facil
edamame/3174101,edamame,Edamame,0.059963107109069824,facil
edamame/3301986,edamame,Edamame,0.059963107109069824,facil
edamame/3432193,edamame,Edamame,0.059963107109069824,facil
edamame/3923470,edamame,Edamame,0.059963107109069824,facil
edamame/409298,edamame,Edamame,0.059963107109069824,facil
edamame/459251,edamame,Edamame,0.059963107109069824,facil
edamame/601018,edamame,Edamame,0.059963107109069824,facil
edamame/614710,edamame,Edamame,0.059963107109069824,facil
edamame/76447,edamame,Edamame,0.059963107109069824,facil
edamame/77830,edamame,Edamame,0.059963107109069824,facil
edamame/836521,edamame,Edamame,0.059963107109069824,facil
eggs_benedict/1053584,eggs_benedict,Eggs benedict,-0.06712263822555542,dificil
eggs_benedict/1181508,eggs_benedict,Eggs benedict,-0.06712263822555542,dificil
eggs_benedict/1754521,eggs_benedict,Eggs benedict,-0.06712263822555542,dificil
eggs_benedict/1787653,eggs_benedict,Eggs benedict,-0.06712263822555542,dificil
eggs_benedict/2079876,eggs_benedict,Eggs benedict,-0.06712263822555542,dificil
eggs_benedict/2117980,eggs_benedict,Eggs benedict,-0.06712263822555542,dificil
eggs_benedict/23967,eggs_benedict,Eggs benedict,-0.06712263822555542,dificil
eggs_benedict/2526121,eggs_benedict,Eggs benedict,-0.06712263822555542,dificil
eggs_benedict/2563838,eggs_benedict,Eggs benedict,-0.06712263822555542,dificil
eggs_benedict/2794913,eggs_benedict,Eggs benedict,-0.06712263822555542,dificil
eggs_benedict/2854551,eggs_benedict,Eggs benedict,-0.06712263822555542,dificil
eggs_benedict/2916221,eggs_benedict,Eggs benedict,-0.06712263822555542,dificil
eggs_benedict/2988392,eggs_benedict,Eggs benedict,-0.06712263822555542,dificil
eggs_benedict/3070975,eggs_benedict,Eggs benedict,-0.06712263822555542,dificil
eggs_benedict/3134881,eggs_benedict,Eggs benedict,-0.06712263822555542,dificil
eggs_benedict/3220461,eggs_benedict,Eggs benedict,-0.06712263822555542,dificil
eggs_benedict/3302486,eggs_benedict,Eggs benedict,-0.06712263822555542,dificil
eggs_benedict/3462110,eggs_benedict,Eggs benedict,-0.06712263822555542,dificil
eggs_benedict/3630033,eggs_benedict,Eggs benedict,-0.06712263822555542,dificil
eggs_benedict/470093,eggs_benedict,Eggs benedict,-0.06712263822555542,dificil
eggs_benedict/595044,eggs_benedict,Eggs benedict,-0.06712263822555542,dificil
eggs_benedict/719951,eggs_benedict,Eggs benedict,-0.06712263822555542,dificil
eggs_benedict/73131,eggs_benedict,Eggs benedict,-0.06712263822555542,dificil
eggs_benedict/817956,eggs_benedict,Eggs benedict,-0.06712263822555542,dificil
eggs_benedict/983260,eggs_benedict,Eggs benedict,-0.06712263822555542,dificil
escargots/1046909,escargots,Escargots,-0.0602836012840271,medio
escargots/1518535,escargots,Escargots,-0.0602836012840271,medio
escargots/1899056,escargots,Escargots,-0.0602836012840271,medio
escargots/2022296,escargots,Escargots,-0.0602836012840271,medio
escargots/235302,escargots,Escargots,-0.0602836012840271,medio
escargots/2396135,escargots,Escargots,-0.0602836012840271,medio
escargots/2451633,escargots,Escargots,-0.0602836012840271,medio
escargots/2646994,escargots,Escargots,-0.0602836012840271,medio
escargots/2697511,escargots,Escargots,-0.0602836012840271,medio
escargots/2719328,escargots,Escargots,-0.0602836012840271,medio
escargots/281614,escargots,Escargots,-0.0602836012840271,medio
escargots/2822710,escargots,Escargots,-0.0602836012840271,medio
escargots/2856,escargots,Escargots,-0.0602836012840271,medio
escargots/2954916,escargots,Escargots,-0.0602836012840271,medio
escargots/2961294,escargots,Escargots,-0.0602836012840271,medio
escargots/3103909,escargots,Escargots,-0.0602836012840271,medio
escargots/3116514,escargots,Escargots,-0.0602836012840271,medio
escargots/3300891,escargots,Escargots,-0.0602836012840271,medio
escargots/3755631,escargots,Escargots,-0.0602836012840271,medio
escargots/3781775,escargots,Escargots,-0.0602836012840271,medio
escargots/3850961,escargots,Escargots,-0.0602836012840271,medio
escargots/574829,escargots,Escargots,-0.0602836012840271,medio
escargots/797797,escargots,Escargots,-0.0602836012840271,medio
escargots/798826,escargots,Escargots,-0.0602836012840271,medio
escargots/878274,escargots,Escargots,-0.0602836012840271,medio
falafel/1051179,falafel,Falafel,-0.06364041566848755,dificil
falafel/1256755,falafel,Falafel,-0.06364041566848755,dificil
falafel/1393708,falafel,Falafel,-0.06364041566848755,dificil
falafel/150112,falafel,Falafel,-0.06364041566848755,dificil
falafel/1595393,falafel,Falafel,-0.06364041566848755,dificil
falafel/1684735,falafel,Falafel,-0.06364041566848755,dificil
falafel/1785063,falafel,Falafel,-0.06364041566848755,dificil
falafel/1798137,falafel,Falafel,-0.06364041566848755,dificil
falafel/1857553,falafel,Falafel,-0.06364041566848755,dificil
falafel/1979709,falafel,Falafel,-0.06364041566848755,dificil
falafel/2145586,falafel,Falafel,-0.06364041566848755,dificil
falafel/2216305,falafel,Falafel,-0.06364041566848755,dificil
falafel/245406,falafel,Falafel,-0.06364041566848755,dificil
falafel/2771348,falafel,Falafel,-0.06364041566848755,dificil
falafel/2964988,falafel,Falafel,-0.06364041566848755,dificil
falafel/3144843,falafel,Falafel,-0.06364041566848755,dificil
falafel/3242856,falafel,Falafel,-0.06364041566848755,dificil
falafel/3270482,falafel,Falafel,-0.06364041566848755,dificil
falafel/3611787,falafel,Falafel,-0.06364041566848755,dificil
falafel/3698727,falafel,Falafel,-0.06364041566848755,dificil
falafel/3726786,falafel,Falafel,-0.06364041566848755,dificil
falafel/54652,falafel,Falafel,-0.06364041566848755,dificil
falafel/781945,falafel,Falafel,-0.06364041566848755,dificil
falafel/806067,falafel,Falafel,-0.06364041566848755,dificil
falafel/930442,falafel,Falafel,-0.06364041566848755,dificil
filet_mignon/103497,filet_mignon,Filet mignon,-0.10313349962234497,dificil
filet_mignon/1165642,filet_mignon,Filet mignon,-0.10313349962234497,dificil
filet_mignon/1193043,filet_mignon,Filet mignon,-0.10313349962234497,dificil
filet_mignon/1365879,filet_mignon,Filet mignon,-0.10313349962234497,dificil
filet_mignon/1866204,filet_mignon,Filet mignon,-0.10313349962234497,dificil
filet_mignon/1924034,filet_mignon,Filet mignon,-0.10313349962234497,dificil
filet_mignon/2046519,filet_mignon,Filet mignon,-0.10313349962234497,dificil
filet_mignon/2315171,filet_mignon,Filet mignon,-0.10313349962234497,dificil
filet_mignon/2610109,filet_mignon,Filet mignon,-0.10313349962234497,dificil
filet_mignon/2750354,filet_mignon,Filet mignon,-0.10313349962234497,dificil
filet_mignon/2758925,filet_mignon,Filet mignon,-0.10313349962234497,dificil
filet_mignon/279236,filet_mignon,Filet mignon,-0.10313349962234497,dificil
filet_mignon/287168,filet_mignon,Filet mignon,-0.10313349962234497,dificil
filet_mignon/287465,filet_mignon,Filet mignon,-0.10313349962234497,dificil
filet_mignon/2891436,filet_mignon,Filet mignon,-0.10313349962234497,dificil
filet_mignon/3127076,filet_mignon,Filet mignon,-0.10313349962234497,dificil
filet_mignon/3167580,filet_mignon,Filet mignon,-0.10313349962234497,dificil
filet_mignon/3339344,filet_mignon,Filet mignon,-0.10313349962234497,dificil
filet_mignon/3385272,filet_mignon,Filet mignon,-0.10313349962234497,dificil
filet_mignon/3581575,filet_mignon,Filet mignon,-0.10313349962234497,dificil
filet_mignon/384251,filet_mignon,Filet mignon,-0.10313349962234497,dificil
filet_mignon/523033,filet_mignon,Filet mignon,-0.10313349962234497,dificil
filet_mignon/573988,filet_mignon,Filet mignon,-0.10313349962234497,dificil
filet_mignon/768583,filet_mignon,Filet mignon,-0.10313349962234497,dificil
filet_mignon/958383,filet_mignon,Filet mignon,-0.10313349962234497,dificil
fish_and_chips/109120,fish_and_chips,Fish and chips,-0.008924305438995361,facil
fish_and_chips/119967,fish_and_chips,Fish and chips,-0.008924305438995361,facil
fish_and_chips/1445435,fish_and_chips,Fish and chips,-0.008924305438995361,facil
fish_and_chips/1494905,fish_and_chips,Fish and chips,-0.008924305438995361,facil
fish_and_chips/1688780,fish_and_chips,Fish and chips,-0.008924305438995361,facil
fish_and_chips/1799327,fish_and_chips,Fish and chips,-0.008924305438995361,facil
fish_and_chips/1865339,fish_and_chips,Fish and chips,-0.008924305438995361,facil
fish_and_chips/2122729,fish_and_chips,Fish and chips,-0.008924305438995361,facil
fish_and_chips/2342012,fish_and_chips,Fish and chips,-0.008924305438995361,facil
fish_and_chips/2432544,fish_and_chips,Fish and chips,-0.008924305438995361,facil
fish_and_chips/2445191,fish_and_chips,Fish and chips,-0.008924305438995361,facil
fish_and_chips/2503977,fish_and_chips,Fish and chips,-0.008924305438995361,facil
fish_and_chips/2562921,fish_and_chips,Fish and chips,-0.008924305438995361,facil
fish_and_chips/2607940,fish_and_chips,Fish and chips,-0.008924305438995361,facil
fish_and_chips/286820,fish_and_chips,Fish and chips,-0.008924305438995361,facil
fish_and_chips/2974135,fish_and_chips,Fish and chips,-0.008924305438995361,facil
fish_and_chips/3251156,fish_and_chips,Fish and chips,-0.008924305438995361,facil
fish_and_chips/3388814,fish_and_chips,Fish and chips,-0.008924305438995361,facil
fish_and_chips/3466493,fish_and_chips,Fish and chips,-0.008924305438995361,facil
fish_and_chips/352004,fish_and_chips,Fish and chips,-0.008924305438995361,facil
fish_and_chips/3573017,fish_and_chips,Fish and chips,-0.008924305438995361,facil
fish_and_chips/497629,fish_and_chips,Fish and chips,-0.008924305438995361,facil
fish_and_chips/551010,fish_and_chips,Fish and chips,-0.008924305438995361,facil
fish_and_chips/673231,fish_and_chips,Fish and chips,-0.008924305438995361,facil
fish_and_chips/940509,fish_and_chips,Fish and chips,-0.008924305438995361,facil
foie_gras/1283166,foie_gras,Foie gras,-0.07698827981948853,dificil
foie_gras/1300855,foie_gras,Foie gras,-0.07698827981948853,dificil
foie_gras/1380484,foie_gras,Foie gras,-0.07698827981948853,dificil
foie_gras/1402073,foie_gras,Foie gras,-0.07698827981948853,dificil
foie_gras/1531457,foie_gras,Foie gras,-0.07698827981948853,dificil
foie_gras/1558542,foie_gras,Foie gras,-0.07698827981948853,dificil
foie_gras/1672756,foie_gras,Foie gras,-0.07698827981948853,dificil
foie_gras/1736404,foie_gras,Foie gras,-0.07698827981948853,dificil
foie_gras/1785283,foie_gras,Foie gras,-0.07698827981948853,dificil
foie_gras/1896875,foie_gras,Foie gras,-0.07698827981948853,dificil
foie_gras/1959773,foie_gras,Foie gras,-0.07698827981948853,dificil
foie_gras/2012834,foie_gras,Foie gras,-0.07698827981948853,dificil
foie_gras/251478,foie_gras,Foie gras,-0.07698827981948853,dificil
foie_gras/2727455,foie_gras,Foie gras,-0.07698827981948853,dificil
foie_gras/2764204,foie_gras,Foie gras,-0.07698827981948853,dificil
foie_gras/3010703,foie_gras,Foie gras,-0.07698827981948853,dificil
foie_gras/3237430,foie_gras,Foie gras,-0.07698827981948853,dificil
foie_gras/3582414,foie_gras,Foie gras,-0.07698827981948853,dificil
foie_gras/3715162,foie_gras,Foie gras,-0.07698827981948853,dificil
foie_gras/3901289,foie_gras,Foie gras,-0.07698827981948853,dificil
foie_gras/459405,foie_gras,Foie gras,-0.07698827981948853,dificil
foie_gras/556139,foie_gras,Foie gras,-0.07698827981948853,dificil
foie_gras/646167,foie_gras,Foie gras,-0.07698827981948853,dificil
foie_gras/679896,foie_gras,Foie gras,-0.07698827981948853,dificil
foie_gras/703118,foie_gras,Foie gras,-0.07698827981948853,dificil
french_fries/108743,french_fries,French fries,-0.046428024768829346,medio
french_fries/1387352,french_fries,French fries,-0.046428024768829346,medio
french_fries/1656352,french_fries,French fries,-0.046428024768829346,medio
french_fries/1703753,french_fries,French fries,-0.046428024768829346,medio
french_fries/174977,french_fries,French fries,-0.046428024768829346,medio
french_fries/1767804,french_fries,French fries,-0.046428024768829346,medio
french_fries/1973780,french_fries,French fries,-0.046428024768829346,medio
french_fries/2040049,french_fries,French fries,-0.046428024768829346,medio
french_fries/2050364,french_fries,French fries,-0.046428024768829346,medio
french_fries/2189231,french_fries,French fries,-0.046428024768829346,medio
french_fries/2348992,french_fries,French fries,-0.046428024768829346,medio
french_fries/2569827,french_fries,French fries,-0.046428024768829346,medio
french_fries/2783225,french_fries,French fries,-0.046428024768829346,medio
french_fries/3030315,french_fries,French fries,-0.046428024768829346,medio
french_fries/3084187,french_fries,French fries,-0.046428024768829346,medio
french_fries/3152566,french_fries,French fries,-0.046428024768829346,medio
french_fries/333385,french_fries,French fries,-0.046428024768829346,medio
french_fries/3368541,french_fries,French fries,-0.046428024768829346,medio
french_fries/3614614,french_fries,French fries,-0.046428024768829346,medio
french_fries/3790341,french_fries,French fries,-0.046428024768829346,medio
french_fries/457240,french_fries,French fries,-0.046428024768829346,medio
french_fries/485471,french_fries,French fries,-0.046428024768829346,medio
french_fries/575247,french_fries,French fries,-0.046428024768829346,medio
french_fries/622646,french_fries,French fries,-0.046428024768829346,medio
french_fries/850387,french_fries,French fries,-0.046428024768829346,medio
french_onion_soup/1072449,french_onion_soup,French onion soup,-0.055189549922943115,medio
french_onion_soup/1100054,french_onion_soup,French onion soup,-0.055189549922943115,medio
french_onion_soup/1131137,french_onion_soup,French onion soup,-0.055189549922943115,medio
french_onion_soup/115082,french_onion_soup,French onion soup,-0.055189549922943115,medio
french_onion_soup/1539345,french_onion_soup,French onion soup,-0.055189549922943115,medio
french_onion_soup/1626079,french_onion_soup,French onion soup,-0.055189549922943115,medio
french_onion_soup/1663387,french_onion_soup,French onion soup,-0.055189549922943115,medio
french_onion_soup/1717548,french_onion_soup,French onion soup,-0.055189549922943115,medio
french_onion_soup/1940476,french_onion_soup,French onion soup,-0.055189549922943115,medio
french_onion_soup/2450072,french_onion_soup,French onion soup,-0.055189549922943115,medio
french_onion_soup/2517063,french_onion_soup,French onion soup,-0.055189549922943115,medio
french_onion_soup/2783558,french_onion_soup,French onion soup,-0.055189549922943115,medio
french_onion_soup/2883246,french_onion_soup,French onion soup,-0.055189549922943115,medio
french_onion_soup/2935731,french_onion_soup,French onion soup,-0.055189549922943115,medio
french_onion_soup/3085078,french_onion_soup,French onion soup,-0.055189549922943115,medio
french_onion_soup/3361257,french_onion_soup,French onion soup,-0.055189549922943115,medio
french_onion_soup/3418136,french_onion_soup,French onion soup,-0.055189549922943115,medio
french_onion_soup/3488793,french_onion_soup,French onion soup,-0.055189549922943115,medio
french_onion_soup/3507317,french_onion_soup,French onion soup,-0.055189549922943115,medio
french_onion_soup/3785249,french_onion_soup,French onion soup,-0.055189549922943115,medio
french_onion_soup/3832135,french_onion_soup,French onion soup,-0.055189549922943115,medio
french_onion_soup/559296,french_onion_soup,French onion soup,-0.055189549922943115,medio
french_onion_soup/77894,french_onion_soup,French onion soup,-0.055189549922943115,medio
french_onion_soup/851577,french_onion_soup,French onion soup,-0.055189549922943115,medio
french_onion_soup/852158,french_onion_soup,French onion soup,-0.055189549922943115,medio
french_toast/1100950,french_toast,French toast,-0.05967670679092407,medio
french_toast/1463992,french_toast,French toast,-0.05967670679092407,medio
french_toast/1497156,french_toast,French toast,-0.05967670679092407,medio
french_toast/1553684,french_toast,French toast,-0.05967670679092407,medio
french_toast/1579540,french_toast,French toast,-0.05967670679092407,medio
french_toast/1633525,french_toast,French toast,-0.05967670679092407,medio
french_toast/1777088,french_toast,French toast,-0.05967670679092407,medio
french_toast/2006233,french_toast,French toast,-0.05967670679092407,medio
french_toast/2017411,french_toast,French toast,-0.05967670679092407,medio
french_toast/2138470,french_toast,French toast,-0.05967670679092407,medio
french_toast/2273627,french_toast,French toast,-0.05967670679092407,medio
french_toast/2298383,french_toast,French toast,-0.05967670679092407,medio
french_toast/2630685,french_toast,French toast,-0.05967670679092407,medio
french_toast/2824582,french_toast,French toast,-0.05967670679092407,medio
french_toast/324390,french_toast,French toast,-0.05967670679092407,medio
french_toast/357409,french_toast,French toast,-0.05967670679092407,medio
french_toast/3654505,french_toast,French toast,-0.05967670679092407,medio
french_toast/3727060,french_toast,French toast,-0.05967670679092407,medio
french_toast/378371,french_toast,French toast,-0.05967670679092407,medio
french_toast/520948,french_toast,French toast,-0.05967670679092407,medio
french_toast/563015,french_toast,French toast,-0.05967670679092407,medio
french_toast/61696,french_toast,French toast,-0.05967670679092407,medio
french_toast/763250,french_toast,French toast,-0.05967670679092407,medio
french_toast/821391,french_toast,French toast,-0.05967670679092407,medio
french_toast/844894,french_toast,French toast,-0.05967670679092407,medio
fried_calamari/1123519,fried_calamari,Fried calamari,-0.05595117807388306,medio
fried_calamari/1168041,fried_calamari,Fried calamari,-0.05595117807388306,medio
fried_calamari/1460581,fried_calamari,Fried calamari,-0.05595117807388306,medio
fried_calamari/1463598,fried_calamari,Fried calamari,-0.05595117807388306,medio
fried_calamari/1563438,fried_calamari,Fried calamari,-0.05595117807388306,medio
fried_calamari/1633860,fried_calamari,Fried calamari,-0.05595117807388306,medio
fried_calamari/1650785,fried_calamari,Fried calamari,-0.05595117807388306,medio
fried_calamari/1822912,fried_calamari,Fried calamari,-0.05595117807388306,medio
fried_calamari/1914732,fried_calamari,Fried calamari,-0.05595117807388306,medio
fried_calamari/2094705,fried_calamari,Fried calamari,-0.05595117807388306,medio
fried_calamari/2275015,fried_calamari,Fried calamari,-0.05595117807388306,medio
fried_calamari/2292883,fried_calamari,Fried calamari,-0.05595117807388306,medio
fried_calamari/2298272,fried_calamari,Fried calamari,-0.05595117807388306,medio
fried_calamari/2351114,fried_calamari,Fried calamari,-0.05595117807388306,medio
fried_calamari/2580330,fried_calamari,Fried calamari,-0.05595117807388306,medio
fried_calamari/2666857,fried_calamari,Fried calamari,-0.05595117807388306,medio
fried_calamari/2722042,fried_calamari,Fried calamari,-0.05595117807388306,medio
fried_calamari/2747085,fried_calamari,Fried calamari,-0.05595117807388306,medio
fried_calamari/2828191,fried_calamari,Fried calamari,-0.05595117807388306,medio
fried_calamari/3636619,fried_calamari,Fried calamari,-0.05595117807388306,medio
fried_calamari/3826404,fried_calamari,Fried calamari,-0.05595117807388306,medio
fried_calamari/3890509,fried_calamari,Fried calamari,-0.05595117807388306,medio
fried_calamari/475355,fried_calamari,Fried calamari,-0.05595117807388306,medio
fried_calamari/709562,fried_calamari,Fried calamari,-0.05595117807388306,medio
fried_calamari/756355,fried_calamari,Fried calamari,-0.05595117807388306,medio
fried_rice/1268221,fried_rice,Fried rice,-0.04688233137130737,medio
fried_rice/1347068,fried_rice,Fried rice,-0.04688233137130737,medio
fried_rice/1410901,fried_rice,Fried rice,-0.04688233137130737,medio
fried_rice/1425856,fried_rice,Fried rice,-0.04688233137130737,medio
fried_rice/1483637,fried_rice,Fried rice,-0.04688233137130737,medio
fried_rice/15501,fried_rice,Fried rice,-0.04688233137130737,medio
fried_rice/167726,fried_rice,Fried rice,-0.04688233137130737,medio
fried_rice/1807202,fried_rice,Fried rice,-0.04688233137130737,medio
fried_rice/1916330,fried_rice,Fried rice,-0.04688233137130737,medio
fried_rice/2186269,fried_rice,Fried rice,-0.04688233137130737,medio
fried_rice/2606583,fried_rice,Fried rice,-0.04688233137130737,medio
fried_rice/2696016,fried_rice,Fried rice,-0.04688233137130737,medio
fried_rice/2813872,fried_rice,Fried rice,-0.04688233137130737,medio
fried_rice/2879261,fried_rice,Fried rice,-0.04688233137130737,medio
fried_rice/3081971,fried_rice,Fried rice,-0.04688233137130737,medio
fried_rice/3434228,fried_rice,Fried rice,-0.04688233137130737,medio
fried_rice/3469839,fried_rice,Fried rice,-0.04688233137130737,medio
fried_rice/3725398,fried_rice,Fried rice,-0.04688233137130737,medio
fried_rice/3763432,fried_rice,Fried rice,-0.04688233137130737,medio
fried_rice/424164,fried_rice,Fried rice,-0.04688233137130737,medio
fried_rice/496908,fried_rice,Fried rice,-0.04688233137130737,medio
fried_rice/583326,fried_rice,Fried rice,-0.04688233137130737,medio
fried_rice/611805,fried_rice,Fried rice,-0.04688233137130737,medio
fried_rice/838739,fried_rice,Fried rice,-0.04688233137130737,medio
fried_rice/89644,fried_rice,Fried rice,-0.04688233137130737,medio
frozen_yogurt/1139520,frozen_yogurt,Frozen yogurt,-0.07248663902282715,dificil
frozen_yogurt/1620322,frozen_yogurt,Frozen yogurt,-0.07248663902282715,dificil
frozen_yogurt/1699541,frozen_yogurt,Frozen yogurt,-0.07248663902282715,dificil
frozen_yogurt/1924435,frozen_yogurt,Frozen yogurt,-0.07248663902282715,dificil
frozen_yogurt/1942235,frozen_yogurt,Frozen yogurt,-0.07248663902282715,dificil
frozen_yogurt/199560,frozen_yogurt,Frozen yogurt,-0.07248663902282715,dificil
frozen_yogurt/2127313,frozen_yogurt,Frozen yogurt,-0.07248663902282715,dificil
frozen_yogurt/2194287,frozen_yogurt,Frozen yogurt,-0.07248663902282715,dificil
frozen_yogurt/2242586,frozen_yogurt,Frozen yogurt,-0.07248663902282715,dificil
frozen_yogurt/2306715,frozen_yogurt,Frozen yogurt,-0.07248663902282715,dificil
frozen_yogurt/2558355,frozen_yogurt,Frozen yogurt,-0.07248663902282715,dificil
frozen_yogurt/2594332,frozen_yogurt,Frozen yogurt,-0.07248663902282715,dificil
frozen_yogurt/2813898,frozen_yogurt,Frozen yogurt,-0.07248663902282715,dificil
frozen_yogurt/2936311,frozen_yogurt,Frozen yogurt,-0.07248663902282715,dificil
frozen_yogurt/3012985,frozen_yogurt,Frozen yogurt,-0.07248663902282715,dificil
frozen_yogurt/3016080,frozen_yogurt,Frozen yogurt,-0.07248663902282715,dificil
frozen_yogurt/3664640,frozen_yogurt,Frozen yogurt,-0.07248663902282715,dificil
frozen_yogurt/3763908,frozen_yogurt,Frozen yogurt,-0.07248663902282715,dificil
frozen_yogurt/3829378,frozen_yogurt,Frozen yogurt,-0.07248663902282715,dificil
frozen_yogurt/610025,frozen_yogurt,Frozen yogurt,-0.07248663902282715,dificil
frozen_yogurt/678000,frozen_yogurt,Frozen yogurt,-0.07248663902282715,dificil
frozen_yogurt/714330,frozen_yogurt,Frozen yogurt,-0.07248663902282715,dificil
frozen_yogurt/755176,frozen_yogurt,Frozen yogurt,-0.07248663902282715,dificil
frozen_yogurt/833695,frozen_yogurt,Frozen yogurt,-0.07248663902282715,dificil
frozen_yogurt/929485,frozen_yogurt,Frozen yogurt,-0.07248663902282715,dificil
garlic_bread/1083890,garlic_bread,Garlic bread,-0.04395359754562378,facil
garlic_bread/149717,garlic_bread,Garlic bread,-0.04395359754562378,facil
garlic_bread/1721080,garlic_bread,Garlic bread,-0.04395359754562378,facil
garlic_bread/1745995,garlic_bread,Garlic bread,-0.04395359754562378,facil
garlic_bread/1790120,garlic_bread,Garlic bread,-0.04395359754562378,facil
garlic_bread/1920275,garlic_bread,Garlic bread,-0.04395359754562378,facil
garlic_bread/1925345,garlic_bread,Garlic bread,-0.04395359754562378,facil
garlic_bread/1944615,garlic_bread,Garlic bread,-0.04395359754562378,facil
garlic_bread/1946609,garlic_bread,Garlic bread,-0.04395359754562378,facil
garlic_bread/2168330,garlic_bread,Garlic bread,-0.04395359754562378,facil
garlic_bread/2231631,garlic_bread,Garlic bread,-0.04395359754562378,facil
garlic_bread/2254373,garlic_bread,Garlic bread,-0.04395359754562378,facil
garlic_bread/2422497,garlic_bread,Garlic bread,-0.04395359754562378,facil
garlic_bread/2555013,garlic_bread,Garlic bread,-0.04395359754562378,facil
garlic_bread/2683384,garlic_bread,Garlic bread,-0.04395359754562378,facil
garlic_bread/277907,garlic_bread,Garlic bread,-0.04395359754562378,facil
garlic_bread/3210415,garlic_bread,Garlic bread,-0.04395359754562378,facil
garlic_bread/3525232,garlic_bread,Garlic bread,-0.04395359754562378,facil
garlic_bread/3533927,garlic_bread,Garlic bread,-0.04395359754562378,facil
garlic_bread/3612349,garlic_bread,Garlic bread,-0.04395359754562378,facil
garlic_bread/3618023,garlic_bread,Garlic bread,-0.04395359754562378,facil
garlic_bread/3626478,garlic_bread,Garlic bread,-0.04395359754562378,facil
garlic_bread/379723,garlic_bread,Garlic bread,-0.04395359754562378,facil
garlic_bread/3823843,garlic_bread,Garlic bread,-0.04395359754562378,facil
garlic_bread/3921680,garlic_bread,Garlic bread,-0.04395359754562378,facil
gnocchi/119920,gnocchi,Gnocchi,-0.06468957662582397,dificil
gnocchi/1358125,gnocchi,Gnocchi,-0.06468957662582397,dificil
gnocchi/1640885,gnocchi,Gnocchi,-0.06468957662582397,dificil
gnocchi/1667801,gnocchi,Gnocchi,-0.06468957662582397,dificil
gnocchi/1685892,gnocchi,Gnocchi,-0.06468957662582397,dificil
gnocchi/1925969,gnocchi,Gnocchi,-0.06468957662582397,dificil
gnocchi/2036625,gnocchi,Gnocchi,-0.06468957662582397,dificil
gnocchi/2375138,gnocchi,Gnocchi,-0.06468957662582397,dificil
gnocchi/2540124,gnocchi,Gnocchi,-0.06468957662582397,dificil
gnocchi/269965,gnocchi,Gnocchi,-0.06468957662582397,dificil
gnocchi/2769887,gnocchi,Gnocchi,-0.06468957662582397,dificil
gnocchi/2821040,gnocchi,Gnocchi,-0.06468957662582397,dificil
gnocchi/3243883,gnocchi,Gnocchi,-0.06468957662582397,dificil
gnocchi/3332468,gnocchi,Gnocchi,-0.06468957662582397,dificil
gnocchi/3370833,gnocchi,Gnocchi,-0.06468957662582397,dificil
gnocchi/3406405,gnocchi,Gnocchi,-0.06468957662582397,dificil
gnocchi/3436435,gnocchi,Gnocchi,-0.06468957662582397,dificil
gnocchi/343838,gnocchi,Gnocchi,-0.06468957662582397,dificil
gnocchi/3476023,gnocchi,Gnocchi,-0.06468957662582397,dificil
gnocchi/3825205,gnocchi,Gnocchi,-0.06468957662582397,dificil
gnocchi/626395,gnocchi,Gnocchi,-0.06468957662582397,dificil
gnocchi/62959,gnocchi,Gnocchi,-0.06468957662582397,dificil
gnocchi/66896,gnocchi,Gnocchi,-0.06468957662582397,dificil
gnocchi/781572,gnocchi,Gnocchi,-0.06468957662582397,dificil
gnocchi/896015,gnocchi,Gnocchi,-0.06468957662582397,dificil
greek_salad/1453641,greek_salad,Greek salad,-0.044760823249816895,medio
greek_salad/1608448,greek_salad,Greek salad,-0.044760823249816895,medio
greek_salad/1746407,greek_salad,Greek salad,-0.044760823249816895,medio
greek_salad/2020091,greek_salad,Greek salad,-0.044760823249816895,medio
greek_salad/2108564,greek_salad,Greek salad,-0.044760823249816895,medio
greek_salad/2137430,greek_salad,Greek salad,-0.044760823249816895,medio
greek_salad/2193158,greek_salad,Greek salad,-0.044760823249816895,medio
greek_salad/2272897,greek_salad,Greek salad,-0.044760823249816895,medio
greek_salad/233254,greek_salad,Greek salad,-0.044760823249816895,medio
greek_salad/2497364,greek_salad,Greek salad,-0.044760823249816895,medio
greek_salad/2538985,greek_salad,Greek salad,-0.044760823249816895,medio
greek_salad/2717555,greek_salad,Greek salad,-0.044760823249816895,medio
greek_salad/2745548,greek_salad,Greek salad,-0.044760823249816895,medio
greek_salad/345273,greek_salad,Greek salad,-0.044760823249816895,medio
greek_salad/3464118,greek_salad,Greek salad,-0.044760823249816895,medio
greek_salad/3495151,greek_salad,Greek salad,-0.044760823249816895,medio
greek_salad/3510005,greek_salad,Greek salad,-0.044760823249816895,medio
greek_salad/3609108,greek_salad,Greek salad,-0.044760823249816895,medio
greek_salad/3637633,greek_salad,Greek salad,-0.044760823249816895,medio
greek_salad/387396,greek_salad,Greek salad,-0.044760823249816895,medio
greek_salad/48225,greek_salad,Greek salad,-0.044760823249816895,medio
greek_salad/551290,greek_salad,Greek salad,-0.044760823249816895,medio
greek_salad/708940,greek_salad,Greek salad,-0.044760823249816895,medio
greek_salad/755756,greek_salad,Greek salad,-0.044760823249816895,medio
greek_salad/968471,greek_salad,Greek salad,-0.044760823249816895,medio
grilled_cheese_sandwich/1101184,grilled_cheese_sandwich,Grilled cheese sandwich,-0.056088805198669434,medio
grilled_cheese_sandwich/1251677,grilled_cheese_sandwich,Grilled cheese sandwich,-0.056088805198669434,medio
grilled_cheese_sandwich/1355521,grilled_cheese_sandwich,Grilled cheese sandwich,-0.056088805198669434,medio
grilled_cheese_sandwich/152295,grilled_cheese_sandwich,Grilled cheese sandwich,-0.056088805198669434,medio
grilled_cheese_sandwich/1597810,grilled_cheese_sandwich,Grilled cheese sandwich,-0.056088805198669434,medio
grilled_cheese_sandwich/1649984,grilled_cheese_sandwich,Grilled cheese sandwich,-0.056088805198669434,medio
grilled_cheese_sandwich/1924983,grilled_cheese_sandwich,Grilled cheese sandwich,-0.056088805198669434,medio
grilled_cheese_sandwich/1936637,grilled_cheese_sandwich,Grilled cheese sandwich,-0.056088805198669434,medio
grilled_cheese_sandwich/1977977,grilled_cheese_sandwich,Grilled cheese sandwich,-0.056088805198669434,medio
grilled_cheese_sandwich/2019286,grilled_cheese_sandwich,Grilled cheese sandwich,-0.056088805198669434,medio
grilled_cheese_sandwich/2106736,grilled_cheese_sandwich,Grilled cheese sandwich,-0.056088805198669434,medio
grilled_cheese_sandwich/214444,grilled_cheese_sandwich,Grilled cheese sandwich,-0.056088805198669434,medio
grilled_cheese_sandwich/2436004,grilled_cheese_sandwich,Grilled cheese sandwich,-0.056088805198669434,medio
grilled_cheese_sandwich/254642,grilled_cheese_sandwich,Grilled cheese sandwich,-0.056088805198669434,medio
grilled_cheese_sandwich/2602592,grilled_cheese_sandwich,Grilled cheese sandwich,-0.056088805198669434,medio
grilled_cheese_sandwich/2657791,grilled_cheese_sandwich,Grilled cheese sandwich,-0.056088805198669434,medio
grilled_cheese_sandwich/2695636,grilled_cheese_sandwich,Grilled cheese sandwich,-0.056088805198669434,medio
grilled_cheese_sandwich/2768916,grilled_cheese_sandwich,Grilled cheese sandwich,-0.056088805198669434,medio
grilled_cheese_sandwich/2864240,grilled_cheese_sandwich,Grilled cheese sandwich,-0.056088805198669434,medio
grilled_cheese_sandwich/357833,grilled_cheese_sandwich,Grilled cheese sandwich,-0.056088805198669434,medio
grilled_cheese_sandwich/570159,grilled_cheese_sandwich,Grilled cheese sandwich,-0.056088805198669434,medio
grilled_cheese_sandwich/614791,grilled_cheese_sandwich,Grilled cheese sandwich,-0.056088805198669434,medio
grilled_cheese_sandwich/659934,grilled_cheese_sandwich,Grilled cheese sandwich,-0.056088805198669434,medio
grilled_cheese_sandwich/710972,grilled_cheese_sandwich,Grilled cheese sandwich,-0.056088805198669434,medio
grilled_cheese_sandwich/992328,grilled_cheese_sandwich,Grilled cheese sandwich,-0.056088805198669434,medio
grilled_salmon/1071214,grilled_salmon,Grilled salmon,-0.06618338823318481,dificil
grilled_salmon/1206169,grilled_salmon,Grilled salmon,-0.06618338823318481,dificil
grilled_salmon/1391641,grilled_salmon,Grilled salmon,-0.06618338823318481,dificil
grilled_salmon/1570406,grilled_salmon,Grilled salmon,-0.06618338823318481,dificil
grilled_salmon/1665568,grilled_salmon,Grilled salmon,-0.06618338823318481,dificil
grilled_salmon/1919368,grilled_salmon,Grilled salmon,-0.06618338823318481,dificil
grilled_salmon/2152214,grilled_salmon,Grilled salmon,-0.06618338823318481,dificil
grilled_salmon/2182859,grilled_salmon,Grilled salmon,-0.06618338823318481,dificil
grilled_salmon/2437779,grilled_salmon,Grilled salmon,-0.06618338823318481,dificil
grilled_salmon/243804,grilled_salmon,Grilled salmon,-0.06618338823318481,dificil
grilled_salmon/2540331,grilled_salmon,Grilled salmon,-0.06618338823318481,dificil
grilled_salmon/2783167,grilled_salmon,Grilled salmon,-0.06618338823318481,dificil
grilled_salmon/2845602,grilled_salmon,Grilled salmon,-0.06618338823318481,dificil
grilled_salmon/2916324,grilled_salmon,Grilled salmon,-0.06618338823318481,dificil
grilled_salmon/338041,grilled_salmon,Grilled salmon,-0.06618338823318481,dificil
grilled_salmon/3383318,grilled_salmon,Grilled salmon,-0.06618338823318481,dificil
grilled_salmon/3713954,grilled_salmon,Grilled salmon,-0.06618338823318481,dificil
grilled_salmon/3866917,grilled_salmon,Grilled salmon,-0.06618338823318481,dificil
grilled_salmon/466047,grilled_salmon,Grilled salmon,-0.06618338823318481,dificil
grilled_salmon/483630,grilled_salmon,Grilled salmon,-0.06618338823318481,dificil
grilled_salmon/726316,grilled_salmon,Grilled salmon,-0.06618338823318481,dificil
grilled_salmon/760977,grilled_salmon,Grilled salmon,-0.06618338823318481,dificil
grilled_salmon/798049,grilled_salmon,Grilled salmon,-0.06618338823318481,dificil
grilled_salmon/813791,grilled_salmon,Grilled salmon,-0.06618338823318481,dificil
grilled_salmon/905854,grilled_salmon,Grilled salmon,-0.06618338823318481,dificil
guacamole/1038433,guacamole,Guacamole,-0.05884963274002075,medio
guacamole/1705522,guacamole,Guacamole,-0.05884963274002075,medio
guacamole/1739562,guacamole,Guacamole,-0.05884963274002075,medio
guacamole/1801144,guacamole,Guacamole,-0.05884963274002075,medio
guacamole/1963553,guacamole,Guacamole,-0.05884963274002075,medio
guacamole/2159689,guacamole,Guacamole,-0.05884963274002075,medio
guacamole/2329281,guacamole,Guacamole,-0.05884963274002075,medio
guacamole/2333696,guacamole,Guacamole,-0.05884963274002075,medio
guacamole/2344531,guacamole,Guacamole,-0.05884963274002075,medio
guacamole/2748142,guacamole,Guacamole,-0.05884963274002075,medio
guacamole/2860903,guacamole,Guacamole,-0.05884963274002075,medio
guacamole/2884459,guacamole,Guacamole,-0.05884963274002075,medio
guacamole/2953260,guacamole,Guacamole,-0.05884963274002075,medio
guacamole/3061967,guacamole,Guacamole,-0.05884963274002075,medio
guacamole/3112505,guacamole,Guacamole,-0.05884963274002075,medio
guacamole/3285103,guacamole,Guacamole,-0.05884963274002075,medio
guacamole/339383,guacamole,Guacamole,-0.05884963274002075,medio
guacamole/3438024,guacamole,Guacamole,-0.05884963274002075,medio
guacamole/344693,guacamole,Guacamole,-0.05884963274002075,medio
guacamole/3582067,guacamole,Guacamole,-0.05884963274002075,medio
guacamole/3609337,guacamole,Guacamole,-0.05884963274002075,medio
guacamole/470922,guacamole,Guacamole,-0.05884963274002075,medio
guacamole/488882,guacamole,Guacamole,-0.05884963274002075,medio
guacamole/504772,guacamole,Guacamole,-0.05884963274002075,medio
guacamole/736037,guacamole,Guacamole,-0.05884963274002075,medio
gyoza/1055087,gyoza,Gyoza,-0.053895413875579834,medio
gyoza/1056855,gyoza,Gyoza,-0.053895413875579834,medio
gyoza/1632894,gyoza,Gyoza,-0.053895413875579834,medio
gyoza/1780742,gyoza,Gyoza,-0.053895413875579834,medio
gyoza/1815295,gyoza,Gyoza,-0.053895413875579834,medio
gyoza/2370239,gyoza,Gyoza,-0.053895413875579834,medio
gyoza/2666420,gyoza,Gyoza,-0.053895413875579834,medio
gyoza/2730057,gyoza,Gyoza,-0.053895413875579834,medio
gyoza/2730433,gyoza,Gyoza,-0.053895413875579834,medio
gyoza/2978393,gyoza,Gyoza,-0.053895413875579834,medio
gyoza/3079875,gyoza,Gyoza,-0.053895413875579834,medio
gyoza/3118722,gyoza,Gyoza,-0.053895413875579834,medio
gyoza/3134351,gyoza,Gyoza,-0.053895413875579834,medio
gyoza/3136579,gyoza,Gyoza,-0.053895413875579834,medio
gyoza/3206427,gyoza,Gyoza,-0.053895413875579834,medio
gyoza/3237941,gyoza,Gyoza,-0.053895413875579834,medio
gyoza/341182,gyoza,Gyoza,-0.053895413875579834,medio
gyoza/3588230,gyoza,Gyoza,-0.053895413875579834,medio
gyoza/3802589,gyoza,Gyoza,-0.053895413875579834,medio
gyoza/387485,gyoza,Gyoza,-0.053895413875579834,medio
gyoza/3914208,gyoza,Gyoza,-0.053895413875579834,medio
gyoza/448142,gyoza,Gyoza,-0.053895413875579834,medio
gyoza/518558,gyoza,Gyoza,-0.053895413875579834,medio
gyoza/538931,gyoza,Gyoza,-0.053895413875579834,medio
gyoza/822864,gyoza,Gyoza,-0.053895413875579834,medio
hamburger/13641,hamburger,Hamburger,-0.05066561698913574,medio
hamburger/145378,hamburger,Hamburger,-0.05066561698913574,medio
hamburger/1488723,hamburger,Hamburger,-0.05066561698913574,medio
hamburger/157688,hamburger,Hamburger,-0.05066561698913574,medio
hamburger/1645528,hamburger,Hamburger,-0.05066561698913574,medio
hamburger/1812972,hamburger,Hamburger,-0.05066561698913574,medio
hamburger/2111010,hamburger,Hamburger,-0.05066561698913574,medio
hamburger/2157483,hamburger,Hamburger,-0.05066561698913574,medio
hamburger/2264276,hamburger,Hamburger,-0.05066561698913574,medio
hamburger/2330829,hamburger,Hamburger,-0.05066561698913574,medio
hamburger/2762170,hamburger,Hamburger,-0.05066561698913574,medio
hamburger/2874704,hamburger,Hamburger,-0.05066561698913574,medio
hamburger/2930558,hamburger,Hamburger,-0.05066561698913574,medio
hamburger/2975573,hamburger,Hamburger,-0.05066561698913574,medio
hamburger/301264,hamburger,Hamburger,-0.05066561698913574,medio
hamburger/3071165,hamburger,Hamburger,-0.05066561698913574,medio
hamburger/3215406,hamburger,Hamburger,-0.05066561698913574,medio
hamburger/3220288,hamburger,Hamburger,-0.05066561698913574,medio
hamburger/3402120,hamburger,Hamburger,-0.05066561698913574,medio
hamburger/3702789,hamburger,Hamburger,-0.05066561698913574,medio
hamburger/3807701,hamburger,Hamburger,-0.05066561698913574,medio
hamburger/740621,hamburger,Hamburger,-0.05066561698913574,medio
hamburger/78997,hamburger,Hamburger,-0.05066561698913574,medio
hamburger/922386,hamburger,Hamburger,-0.05066561698913574,medio
hamburger/923384,hamburger,Hamburger,-0.05066561698913574,medio
hot_and_sour_soup/1059163,hot_and_sour_soup,Hot and sour soup,-0.0289914608001709,facil
hot_and_sour_soup/1281127,hot_and_sour_soup,Hot and sour soup,-0.0289914608001709,facil
hot_and_sour_soup/1327716,hot_and_sour_soup,Hot and sour soup,-0.0289914608001709,facil
hot_and_sour_soup/1441301,hot_and_sour_soup,Hot and sour soup,-0.0289914608001709,facil
hot_and_sour_soup/1557701,hot_and_sour_soup,Hot and sour soup,-0.0289914608001709,facil
hot_and_sour_soup/1782992,hot_and_sour_soup,Hot and sour soup,-0.0289914608001709,facil
hot_and_sour_soup/1819921,hot_and_sour_soup,Hot and sour soup,-0.0289914608001709,facil
hot_and_sour_soup/2041812,hot_and_sour_soup,Hot and sour soup,-0.0289914608001709,facil
hot_and_sour_soup/2312653,hot_and_sour_soup,Hot and sour soup,-0.0289914608001709,facil
hot_and_sour_soup/2316956,hot_and_sour_soup,Hot and sour soup,-0.0289914608001709,facil
hot_and_sour_soup/2500614,hot_and_sour_soup,Hot and sour soup,-0.0289914608001709,facil
hot_and_sour_soup/2550332,hot_and_sour_soup,Hot and sour soup,-0.0289914608001709,facil
hot_and_sour_soup/2730164,hot_and_sour_soup,Hot and sour soup,-0.0289914608001709,facil
hot_and_sour_soup/2843321,hot_and_sour_soup,Hot and sour soup,-0.0289914608001709,facil
hot_and_sour_soup/2845105,hot_and_sour_soup,Hot and sour soup,-0.0289914608001709,facil
hot_and_sour_soup/2855699,hot_and_sour_soup,Hot and sour soup,-0.0289914608001709,facil
hot_and_sour_soup/2963005,hot_and_sour_soup,Hot and sour soup,-0.0289914608001709,facil
hot_and_sour_soup/3033019,hot_and_sour_soup,Hot and sour soup,-0.0289914608001709,facil
hot_and_sour_soup/3359445,hot_and_sour_soup,Hot and sour soup,-0.0289914608001709,facil
hot_and_sour_soup/3658920,hot_and_sour_soup,Hot and sour soup,-0.0289914608001709,facil
hot_and_sour_soup/3667107,hot_and_sour_soup,Hot and sour soup,-0.0289914608001709,facil
hot_and_sour_soup/3701540,hot_and_sour_soup,Hot and sour soup,-0.0289914608001709,facil
hot_and_sour_soup/3736842,hot_and_sour_soup,Hot and sour soup,-0.0289914608001709,facil
hot_and_sour_soup/579593,hot_and_sour_soup,Hot and sour soup,-0.0289914608001709,facil
hot_and_sour_soup/70230,hot_and_sour_soup,Hot and sour soup,-0.0289914608001709,facil
hot_dog/1182402,hot_dog,Hot dog,-0.01840871572494507,facil
hot_dog/1436057,hot_dog,Hot dog,-0.01840871572494507,facil
hot_dog/1438593,hot_dog,Hot dog,-0.01840871572494507,facil
hot_dog/146834,hot_dog,Hot dog,-0.01840871572494507,facil
hot_dog/1718694,hot_dog,Hot dog,-0.01840871572494507,facil
hot_dog/1767172,hot_dog,Hot dog,-0.01840871572494507,facil
hot_dog/1831563,hot_dog,Hot dog,-0.01840871572494507,facil
hot_dog/1907473,hot_dog,Hot dog,-0.01840871572494507,facil
hot_dog/2134593,hot_dog,Hot dog,-0.01840871572494507,facil
hot_dog/2202961,hot_dog,Hot dog,-0.01840871572494507,facil
hot_dog/2275893,hot_dog,Hot dog,-0.01840871572494507,facil
hot_dog/2281243,hot_dog,Hot dog,-0.01840871572494507,facil
hot_dog/2356054,hot_dog,Hot dog,-0.01840871572494507,facil
hot_dog/2356764,hot_dog,Hot dog,-0.01840871572494507,facil
hot_dog/2680997,hot_dog,Hot dog,-0.01840871572494507,facil
hot_dog/291354,hot_dog,Hot dog,-0.01840871572494507,facil
hot_dog/3000439,hot_dog,Hot dog,-0.01840871572494507,facil
hot_dog/3036250,hot_dog,Hot dog,-0.01840871572494507,facil
hot_dog/3049823,hot_dog,Hot dog,-0.01840871572494507,facil
hot_dog/3259047,hot_dog,Hot dog,-0.01840871572494507,facil
hot_dog/3352717,hot_dog,Hot dog,-0.01840871572494507,facil
hot_dog/3494550,hot_dog,Hot dog,-0.01840871572494507,facil
hot_dog/3872738,hot_dog,Hot dog,-0.01840871572494507,facil
hot_dog/3902792,hot_dog,Hot dog,-0.01840871572494507,facil
hot_dog/97149,hot_dog,Hot dog,-0.01840871572494507,facil
huevos_rancheros/1028981,huevos_rancheros,Huevos rancheros,-0.06612533330917358,dificil
huevos_rancheros/1148281,huevos_rancheros,Huevos rancheros,-0.06612533330917358,dificil
huevos_rancheros/1425874,huevos_rancheros,Huevos rancheros,-0.06612533330917358,dificil
huevos_rancheros/1546807,huevos_rancheros,Huevos rancheros,-0.06612533330917358,dificil
huevos_rancheros/1691890,huevos_rancheros,Huevos rancheros,-0.06612533330917358,dificil
huevos_rancheros/173740,huevos_rancheros,Huevos rancheros,-0.06612533330917358,dificil
huevos_rancheros/1786538,huevos_rancheros,Huevos rancheros,-0.06612533330917358,dificil
huevos_rancheros/1891068,huevos_rancheros,Huevos rancheros,-0.06612533330917358,dificil
huevos_rancheros/2518990,huevos_rancheros,Huevos rancheros,-0.06612533330917358,dificil
huevos_rancheros/2574900,huevos_rancheros,Huevos rancheros,-0.06612533330917358,dificil
huevos_rancheros/2713157,huevos_rancheros,Huevos rancheros,-0.06612533330917358,dificil
huevos_rancheros/3000610,huevos_rancheros,Huevos rancheros,-0.06612533330917358,dificil
huevos_rancheros/3061280,huevos_rancheros,Huevos rancheros,-0.06612533330917358,dificil
huevos_rancheros/3390541,huevos_rancheros,Huevos rancheros,-0.06612533330917358,dificil
huevos_rancheros/3682352,huevos_rancheros,Huevos rancheros,-0.06612533330917358,dificil
huevos_rancheros/3720473,huevos_rancheros,Huevos rancheros,-0.06612533330917358,dificil
huevos_rancheros/3759301,huevos_rancheros,Huevos rancheros,-0.06612533330917358,dificil
huevos_rancheros/3773682,huevos_rancheros,Huevos rancheros,-0.06612533330917358,dificil
huevos_rancheros/3846419,huevos_rancheros,Huevos rancheros,-0.06612533330917358,dificil
huevos_rancheros/3889273,huevos_rancheros,Huevos rancheros,-0.06612533330917358,dificil
huevos_rancheros/519751,huevos_rancheros,Huevos rancheros,-0.06612533330917358,dificil
huevos_rancheros/566459,huevos_rancheros,Huevos rancheros,-0.06612533330917358,dificil
huevos_rancheros/741670,huevos_rancheros,Huevos rancheros,-0.06612533330917358,dificil
huevos_rancheros/81097,huevos_rancheros,Huevos rancheros,-0.06612533330917358,dificil
huevos_rancheros/964240,huevos_rancheros,Huevos rancheros,-0.06612533330917358,dificil
hummus/104077,hummus,Hummus,-0.05722963809967041,medio
hummus/1138784,hummus,Hummus,-0.05722963809967041,medio
hummus/1255148,hummus,Hummus,-0.05722963809967041,medio
hummus/1591965,hummus,Hummus,-0.05722963809967041,medio
hummus/1784089,hummus,Hummus,-0.05722963809967041,medio
hummus/1788249,hummus,Hummus,-0.05722963809967041,medio
hummus/1888173,hummus,Hummus,-0.05722963809967041,medio
hummus/2284785,hummus,Hummus,-0.05722963809967041,medio
hummus/24646,hummus,Hummus,-0.05722963809967041,medio
hummus/2471947,hummus,Hummus,-0.05722963809967041,medio
hummus/2524724,hummus,Hummus,-0.05722963809967041,medio
hummus/269339,hummus,Hummus,-0.05722963809967041,medio
hummus/2801982,hummus,Hummus,-0.05722963809967041,medio
hummus/2829297,hummus,Hummus,-0.05722963809967041,medio
hummus/3070293,hummus,Hummus,-0.05722963809967041,medio
hummus/3265718,hummus,Hummus,-0.05722963809967041,medio
hummus/3363401,hummus,Hummus,-0.05722963809967041,medio
hummus/3369522,hummus,Hummus,-0.05722963809967041,medio
hummus/3533807,hummus,Hummus,-0.05722963809967041,medio
hummus/3631090,hummus,Hummus,-0.05722963809967041,medio
hummus/42416,hummus,Hummus,-0.05722963809967041,medio
hummus/638169,hummus,Hummus,-0.05722963809967041,medio
hummus/724854,hummus,Hummus,-0.05722963809967041,medio
hummus/840514,hummus,Hummus,-0.05722963809967041,medio
hummus/882287,hummus,Hummus,-0.05722963809967041,medio
ice_cream/1114199,ice_cream,Ice cream,-0.08276981115341187,dificil
ice_cream/1161150,ice_cream,Ice cream,-0.08276981115341187,dificil
ice_cream/1176281,ice_cream,Ice cream,-0.08276981115341187,dificil
ice_cream/130043,ice_cream,Ice cream,-0.08276981115341187,dificil
ice_cream/1665520,ice_cream,Ice cream,-0.08276981115341187,dificil
ice_cream/1840961,ice_cream,Ice cream,-0.08276981115341187,dificil
ice_cream/2040874,ice_cream,Ice cream,-0.08276981115341187,dificil
ice_cream/2114070,ice_cream,Ice cream,-0.08276981115341187,dificil
ice_cream/2164182,ice_cream,Ice cream,-0.08276981115341187,dificil
ice_cream/2370718,ice_cream,Ice cream,-0.08276981115341187,dificil
ice_cream/2374400,ice_cream,Ice cream,-0.08276981115341187,dificil
ice_cream/2391301,ice_cream,Ice cream,-0.08276981115341187,dificil
ice_cream/2725046,ice_cream,Ice cream,-0.08276981115341187,dificil
ice_cream/2940666,ice_cream,Ice cream,-0.08276981115341187,dificil
ice_cream/3048399,ice_cream,Ice cream,-0.08276981115341187,dificil
ice_cream/3076476,ice_cream,Ice cream,-0.08276981115341187,dificil
ice_cream/3210539,ice_cream,Ice cream,-0.08276981115341187,dificil
ice_cream/3586581,ice_cream,Ice cream,-0.08276981115341187,dificil
ice_cream/3670849,ice_cream,Ice cream,-0.08276981115341187,dificil
ice_cream/3698312,ice_cream,Ice cream,-0.08276981115341187,dificil
ice_cream/3909276,ice_cream,Ice cream,-0.08276981115341187,dificil
ice_cream/48073,ice_cream,Ice cream,-0.08276981115341187,dificil
ice_cream/634400,ice_cream,Ice cream,-0.08276981115341187,dificil
ice_cream/651308,ice_cream,Ice cream,-0.08276981115341187,dificil
ice_cream/665923,ice_cream,Ice cream,-0.08276981115341187,dificil
lasagna/1156225,lasagna,Lasagna,-0.07141226530075073,dificil
lasagna/1309796,lasagna,Lasagna,-0.07141226530075073,dificil
lasagna/1362970,lasagna,Lasagna,-0.07141226530075073,dificil
lasagna/1378004,lasagna,Lasagna,-0.07141226530075073,dificil
lasagna/1530028,lasagna,Lasagna,-0.07141226530075073,dificil
lasagna/1538138,lasagna,Lasagna,-0.07141226530075073,dificil
lasagna/158809,lasagna,Lasagna,-0.07141226530075073,dificil
lasagna/2055421,lasagna,Lasagna,-0.07141226530075073,dificil
lasagna/2173466,lasagna,Lasagna,-0.07141226530075073,dificil
lasagna/2579540,lasagna,Lasagna,-0.07141226530075073,dificil
lasagna/2664248,lasagna,Lasagna,-0.07141226530075073,dificil
lasagna/2677483,lasagna,Lasagna,-0.07141226530075073,dificil
lasagna/2828941,lasagna,Lasagna,-0.07141226530075073,dificil
lasagna/2875871,lasagna,Lasagna,-0.07141226530075073,dificil
lasagna/2972224,lasagna,Lasagna,-0.07141226530075073,dificil
lasagna/3120426,lasagna,Lasagna,-0.07141226530075073,dificil
lasagna/3254622,lasagna,Lasagna,-0.07141226530075073,dificil
lasagna/3262130,lasagna,Lasagna,-0.07141226530075073,dificil
lasagna/3450700,lasagna,Lasagna,-0.07141226530075073,dificil
lasagna/3632404,lasagna,Lasagna,-0.07141226530075073,dificil
lasagna/474891,lasagna,Lasagna,-0.07141226530075073,dificil
lasagna/475122,lasagna,Lasagna,-0.07141226530075073,dificil
lasagna/55800,lasagna,Lasagna,-0.07141226530075073,dificil
lasagna/694161,lasagna,Lasagna,-0.07141226530075073,dificil
lasagna/876064,lasagna,Lasagna,-0.07141226530075073,dificil
lobster_bisque/1255370,lobster_bisque,Lobster bisque,-0.05280202627182007,medio
lobster_bisque/1334336,lobster_bisque,Lobster bisque,-0.05280202627182007,medio
lobster_bisque/2027260,lobster_bisque,Lobster bisque,-0.05280202627182007,medio
lobster_bisque/2121689,lobster_bisque,Lobster bisque,-0.05280202627182007,medio
lobster_bisque/2179217,lobster_bisque,Lobster bisque,-0.05280202627182007,medio
lobster_bisque/218238,lobster_bisque,Lobster bisque,-0.05280202627182007,medio
lobster_bisque/2367056,lobster_bisque,Lobster bisque,-0.05280202627182007,medio
lobster_bisque/2390410,lobster_bisque,Lobster bisque,-0.05280202627182007,medio
lobster_bisque/239575,lobster_bisque,Lobster bisque,-0.05280202627182007,medio
lobster_bisque/252147,lobster_bisque,Lobster bisque,-0.05280202627182007,medio
lobster_bisque/2764106,lobster_bisque,Lobster bisque,-0.05280202627182007,medio
lobster_bisque/2921021,lobster_bisque,Lobster bisque,-0.05280202627182007,medio
lobster_bisque/296776,lobster_bisque,Lobster bisque,-0.05280202627182007,medio
lobster_bisque/3096498,lobster_bisque,Lobster bisque,-0.05280202627182007,medio
lobster_bisque/3195840,lobster_bisque,Lobster bisque,-0.05280202627182007,medio
lobster_bisque/3223567,lobster_bisque,Lobster bisque,-0.05280202627182007,medio
lobster_bisque/3393762,lobster_bisque,Lobster bisque,-0.05280202627182007,medio
lobster_bisque/3457200,lobster_bisque,Lobster bisque,-0.05280202627182007,medio
lobster_bisque/3462407,lobster_bisque,Lobster bisque,-0.05280202627182007,medio
lobster_bisque/3467001,lobster_bisque,Lobster bisque,-0.05280202627182007,medio
lobster_bisque/3478356,lobster_bisque,Lobster bisque,-0.05280202627182007,medio
lobster_bisque/619721,lobster_bisque,Lobster bisque,-0.05280202627182007,medio
lobster_bisque/649009,lobster_bisque,Lobster bisque,-0.05280202627182007,medio
lobster_bisque/680945,lobster_bisque,Lobster bisque,-0.05280202627182007,medio
lobster_bisque/899088,lobster_bisque,Lobster bisque,-0.05280202627182007,medio
lobster_roll_sandwich/1306233,lobster_roll_sandwich,Lobster roll sandwich,-0.006740927696228027,facil
lobster_roll_sandwich/1687790,lobster_roll_sandwich,Lobster roll sandwich,-0.006740927696228027,facil
lobster_roll_sandwich/1876572,lobster_roll_sandwich,Lobster roll sandwich,-0.006740927696228027,facil
lobster_roll_sandwich/1974268,lobster_roll_sandwich,Lobster roll sandwich,-0.006740927696228027,facil
lobster_roll_sandwich/199404,lobster_roll_sandwich,Lobster roll sandwich,-0.006740927696228027,facil
lobster_roll_sandwich/2166583,lobster_roll_sandwich,Lobster roll sandwich,-0.006740927696228027,facil
lobster_roll_sandwich/2206859,lobster_roll_sandwich,Lobster roll sandwich,-0.006740927696228027,facil
lobster_roll_sandwich/2457853,lobster_roll_sandwich,Lobster roll sandwich,-0.006740927696228027,facil
lobster_roll_sandwich/2496762,lobster_roll_sandwich,Lobster roll sandwich,-0.006740927696228027,facil
lobster_roll_sandwich/2539,lobster_roll_sandwich,Lobster roll sandwich,-0.006740927696228027,facil
lobster_roll_sandwich/2676709,lobster_roll_sandwich,Lobster roll sandwich,-0.006740927696228027,facil
lobster_roll_sandwich/290476,lobster_roll_sandwich,Lobster roll sandwich,-0.006740927696228027,facil
lobster_roll_sandwich/2952320,lobster_roll_sandwich,Lobster roll sandwich,-0.006740927696228027,facil
lobster_roll_sandwich/3480703,lobster_roll_sandwich,Lobster roll sandwich,-0.006740927696228027,facil
lobster_roll_sandwich/3586162,lobster_roll_sandwich,Lobster roll sandwich,-0.006740927696228027,facil
lobster_roll_sandwich/462666,lobster_roll_sandwich,Lobster roll sandwich,-0.006740927696228027,facil
lobster_roll_sandwich/541238,lobster_roll_sandwich,Lobster roll sandwich,-0.006740927696228027,facil
lobster_roll_sandwich/642819,lobster_roll_sandwich,Lobster roll sandwich,-0.006740927696228027,facil
lobster_roll_sandwich/649496,lobster_roll_sandwich,Lobster roll sandwich,-0.006740927696228027,facil
lobster_roll_sandwich/667224,lobster_roll_sandwich,Lobster roll sandwich,-0.006740927696228027,facil
lobster_roll_sandwich/784347,lobster_roll_sandwich,Lobster roll sandwich,-0.006740927696228027,facil
lobster_roll_sandwich/839302,lobster_roll_sandwich,Lobster roll sandwich,-0.006740927696228027,facil
lobster_roll_sandwich/877402,lobster_roll_sandwich,Lobster roll sandwich,-0.006740927696228027,facil
lobster_roll_sandwich/901084,lobster_roll_sandwich,Lobster roll sandwich,-0.006740927696228027,facil
lobster_roll_sandwich/91688,lobster_roll_sandwich,Lobster roll sandwich,-0.006740927696228027,facil
macaroni_and_cheese/1309815,macaroni_and_cheese,Macaroni and cheese,-0.03700071573257446,facil
macaroni_and_cheese/1439523,macaroni_and_cheese,Macaroni and cheese,-0.03700071573257446,facil
macaroni_and_cheese/1549386,macaroni_and_cheese,Macaroni and cheese,-0.03700071573257446,facil
macaroni_and_cheese/1705674,macaroni_and_cheese,Macaroni and cheese,-0.03700071573257446,facil
macaroni_and_cheese/1804347,macaroni_and_cheese,Macaroni and cheese,-0.03700071573257446,facil
macaroni_and_cheese/1945454,macaroni_and_cheese,Macaroni and cheese,-0.03700071573257446,facil
macaroni_and_cheese/2019838,macaroni_and_cheese,Macaroni and cheese,-0.03700071573257446,facil
macaroni_and_cheese/2290602,macaroni_and_cheese,Macaroni and cheese,-0.03700071573257446,facil
macaroni_and_cheese/2449426,macaroni_and_cheese,Macaroni and cheese,-0.03700071573257446,facil
macaroni_and_cheese/2609750,macaroni_and_cheese,Macaroni and cheese,-0.03700071573257446,facil
macaroni_and_cheese/2619617,macaroni_and_cheese,Macaroni and cheese,-0.03700071573257446,facil
macaroni_and_cheese/2679642,macaroni_and_cheese,Macaroni and cheese,-0.03700071573257446,facil
macaroni_and_cheese/268338,macaroni_and_cheese,Macaroni and cheese,-0.03700071573257446,facil
macaroni_and_cheese/2776828,macaroni_and_cheese,Macaroni and cheese,-0.03700071573257446,facil
macaroni_and_cheese/3005288,macaroni_and_cheese,Macaroni and cheese,-0.03700071573257446,facil
macaroni_and_cheese/3132827,macaroni_and_cheese,Macaroni and cheese,-0.03700071573257446,facil
macaroni_and_cheese/3198507,macaroni_and_cheese,Macaroni and cheese,-0.03700071573257446,facil
macaroni_and_cheese/3237160,macaroni_and_cheese,Macaroni and cheese,-0.03700071573257446,facil
macaroni_and_cheese/3386274,macaroni_and_cheese,Macaroni and cheese,-0.03700071573257446,facil
macaroni_and_cheese/3389662,macaroni_and_cheese,Macaroni and cheese,-0.03700071573257446,facil
macaroni_and_cheese/55752,macaroni_and_cheese,Macaroni and cheese,-0.03700071573257446,facil
macaroni_and_cheese/67714,macaroni_and_cheese,Macaroni and cheese,-0.03700071573257446,facil
macaroni_and_cheese/958677,macaroni_and_cheese,Macaroni and cheese,-0.03700071573257446,facil
macaroni_and_cheese/985999,macaroni_and_cheese,Macaroni and cheese,-0.03700071573257446,facil
macaroni_and_cheese/992927,macaroni_and_cheese,Macaroni and cheese,-0.03700071573257446,facil
macarons/1005656,macarons,Macarons,0.03441518545150757,facil
macarons/1402754,macarons,Macarons,0.03441518545150757,facil
macarons/1408086,macarons,Macarons,0.03441518545150757,facil
macarons/1427842,macarons,Macarons,0.03441518545150757,facil
macarons/1509237,macarons,Macarons,0.03441518545150757,facil
macarons/1509285,macarons,Macarons,0.03441518545150757,facil
macarons/1573041,macarons,Macarons,0.03441518545150757,facil
macarons/1637902,macarons,Macarons,0.03441518545150757,facil
macarons/2103619,macarons,Macarons,0.03441518545150757,facil
macarons/2410173,macarons,Macarons,0.03441518545150757,facil
macarons/2725798,macarons,Macarons,0.03441518545150757,facil
macarons/2854653,macarons,Macarons,0.03441518545150757,facil
macarons/2949217,macarons,Macarons,0.03441518545150757,facil
macarons/3099194,macarons,Macarons,0.03441518545150757,facil
macarons/3597631,macarons,Macarons,0.03441518545150757,facil
macarons/3620510,macarons,Macarons,0.03441518545150757,facil
macarons/3673004,macarons,Macarons,0.03441518545150757,facil
macarons/3754064,macarons,Macarons,0.03441518545150757,facil
macarons/397979,macarons,Macarons,0.03441518545150757,facil
macarons/419159,macarons,Macarons,0.03441518545150757,facil
macarons/492902,macarons,Macarons,0.03441518545150757,facil
macarons/595926,macarons,Macarons,0.03441518545150757,facil
macarons/630782,macarons,Macarons,0.03441518545150757,facil
macarons/869998,macarons,Macarons,0.03441518545150757,facil
macarons/980106,macarons,Macarons,0.03441518545150757,facil
miso_soup/1014272,miso_soup,Miso soup,-0.039468586444854736,facil
miso_soup/1108851,miso_soup,Miso soup,-0.039468586444854736,facil
miso_soup/1297748,miso_soup,Miso soup,-0.039468586444854736,facil
miso_soup/1528949,miso_soup,Miso soup,-0.039468586444854736,facil
miso_soup/1663115,miso_soup,Miso soup,-0.039468586444854736,facil
miso_soup/1759395,miso_soup,Miso soup,-0.039468586444854736,facil
miso_soup/1849701,miso_soup,Miso soup,-0.039468586444854736,facil
miso_soup/1861636,miso_soup,Miso soup,-0.039468586444854736,facil
miso_soup/1939597,miso_soup,Miso soup,-0.039468586444854736,facil
miso_soup/2038333,miso_soup,Miso soup,-0.039468586444854736,facil
miso_soup/2078106,miso_soup,Miso soup,-0.039468586444854736,facil
miso_soup/2123425,miso_soup,Miso soup,-0.039468586444854736,facil
miso_soup/2146417,miso_soup,Miso soup,-0.039468586444854736,facil
miso_soup/2532315,miso_soup,Miso soup,-0.039468586444854736,facil
miso_soup/2549907,miso_soup,Miso soup,-0.039468586444854736,facil
miso_soup/2639851,miso_soup,Miso soup,-0.039468586444854736,facil
miso_soup/2702360,miso_soup,Miso soup,-0.039468586444854736,facil
miso_soup/2751030,miso_soup,Miso soup,-0.039468586444854736,facil
miso_soup/2814209,miso_soup,Miso soup,-0.039468586444854736,facil
miso_soup/2985083,miso_soup,Miso soup,-0.039468586444854736,facil
miso_soup/3316198,miso_soup,Miso soup,-0.039468586444854736,facil
miso_soup/3375159,miso_soup,Miso soup,-0.039468586444854736,facil
miso_soup/63890,miso_soup,Miso soup,-0.039468586444854736,facil
miso_soup/860267,miso_soup,Miso soup,-0.039468586444854736,facil
miso_soup/959392,miso_soup,Miso soup,-0.039468586444854736,facil
mussels/1115710,mussels,Mussels,-0.01594752073287964,facil
mussels/1435558,mussels,Mussels,-0.01594752073287964,facil
mussels/1445945,mussels,Mussels,-0.01594752073287964,facil
mussels/1659287,mussels,Mussels,-0.01594752073287964,facil
mussels/1981441,mussels,Mussels,-0.01594752073287964,facil
mussels/2056801,mussels,Mussels,-0.01594752073287964,facil
mussels/2102685,mussels,Mussels,-0.01594752073287964,facil
mussels/2185678,mussels,Mussels,-0.01594752073287964,facil
mussels/2404814,mussels,Mussels,-0.01594752073287964,facil
mussels/255383,mussels,Mussels,-0.01594752073287964,facil
mussels/2777589,mussels,Mussels,-0.01594752073287964,facil
mussels/3069724,mussels,Mussels,-0.01594752073287964,facil
mussels/3123389,mussels,Mussels,-0.01594752073287964,facil
mussels/3241130,mussels,Mussels,-0.01594752073287964,facil
mussels/3248418,mussels,Mussels,-0.01594752073287964,facil
mussels/3393800,mussels,Mussels,-0.01594752073287964,facil
mussels/3402102,mussels,Mussels,-0.01594752073287964,facil
mussels/3656522,mussels,Mussels,-0.01594752073287964,facil
mussels/605254,mussels,Mussels,-0.01594752073287964,facil
mussels/628880,mussels,Mussels,-0.01594752073287964,facil
mussels/632364,mussels,Mussels,-0.01594752073287964,facil
mussels/668323,mussels,Mussels,-0.01594752073287964,facil
mussels/67522,mussels,Mussels,-0.01594752073287964,facil
mussels/794404,mussels,Mussels,-0.01594752073287964,facil
mussels/82424,mussels,Mussels,-0.01594752073287964,facil
nachos/1093162,nachos,Nachos,-0.04674118757247925,medio
nachos/126763,nachos,Nachos,-0.04674118757247925,medio
nachos/1365356,nachos,Nachos,-0.04674118757247925,medio
nachos/165364,nachos,Nachos,-0.04674118757247925,medio
nachos/167607,nachos,Nachos,-0.04674118757247925,medio
nachos/1944967,nachos,Nachos,-0.04674118757247925,medio
nachos/1997727,nachos,Nachos,-0.04674118757247925,medio
nachos/2018548,nachos,Nachos,-0.04674118757247925,medio
nachos/209662,nachos,Nachos,-0.04674118757247925,medio
nachos/210272,nachos,Nachos,-0.04674118757247925,medio
nachos/2232364,nachos,Nachos,-0.04674118757247925,medio
nachos/2312175,nachos,Nachos,-0.04674118757247925,medio
nachos/2649179,nachos,Nachos,-0.04674118757247925,medio
nachos/2870823,nachos,Nachos,-0.04674118757247925,medio
nachos/2968608,nachos,Nachos,-0.04674118757247925,medio
nachos/3546603,nachos,Nachos,-0.04674118757247925,medio
nachos/3665796,nachos,Nachos,-0.04674118757247925,medio
nachos/3825018,nachos,Nachos,-0.04674118757247925,medio
nachos/3875988,nachos,Nachos,-0.04674118757247925,medio
nachos/545659,nachos,Nachos,-0.04674118757247925,medio
nachos/829126,nachos,Nachos,-0.04674118757247925,medio
nachos/842843,nachos,Nachos,-0.04674118757247925,medio
nachos/863967,nachos,Nachos,-0.04674118757247925,medio
nachos/93041,nachos,Nachos,-0.04674118757247925,medio
nachos/996751,nachos,Nachos,-0.04674118757247925,medio
omelette/1243378,omelette,Omelette,-0.0552448034286499,medio
omelette/1360425,omelette,Omelette,-0.0552448034286499,medio
omelette/1471241,omelette,Omelette,-0.0552448034286499,medio
omelette/1600596,omelette,Omelette,-0.0552448034286499,medio
omelette/1733219,omelette,Omelette,-0.0552448034286499,medio
omelette/2001472,omelette,Omelette,-0.0552448034286499,medio
omelette/2025308,omelette,Omelette,-0.0552448034286499,medio
omelette/2104947,omelette,Omelette,-0.0552448034286499,medio
omelette/2209737,omelette,Omelette,-0.0552448034286499,medio
omelette/2533451,omelette,Omelette,-0.0552448034286499,medio
omelette/2572700,omelette,Omelette,-0.0552448034286499,medio
omelette/2626677,omelette,Omelette,-0.0552448034286499,medio
omelette/278136,omelette,Omelette,-0.0552448034286499,medio
omelette/2838870,omelette,Omelette,-0.0552448034286499,medio
omelette/3037442,omelette,Omelette,-0.0552448034286499,medio
omelette/3196006,omelette,Omelette,-0.0552448034286499,medio
omelette/3196143,omelette,Omelette,-0.0552448034286499,medio
omelette/3270928,omelette,Omelette,-0.0552448034286499,medio
omelette/3420311,omelette,Omelette,-0.0552448034286499,medio
omelette/3529157,omelette,Omelette,-0.0552448034286499,medio
omelette/3632648,omelette,Omelette,-0.0552448034286499,medio
omelette/605912,omelette,Omelette,-0.0552448034286499,medio
omelette/921299,omelette,Omelette,-0.0552448034286499,medio
omelette/953859,omelette,Omelette,-0.0552448034286499,medio
omelette/978714,omelette,Omelette,-0.0552448034286499,medio
onion_rings/1022297,onion_rings,Onion rings,-0.039229512214660645,facil
onion_rings/1094631,onion_rings,Onion rings,-0.039229512214660645,facil
onion_rings/1125512,onion_rings,Onion rings,-0.039229512214660645,facil
onion_rings/1191354,onion_rings,Onion rings,-0.039229512214660645,facil
onion_rings/1620661,onion_rings,Onion rings,-0.039229512214660645,facil
onion_rings/168716,onion_rings,Onion rings,-0.039229512214660645,facil
onion_rings/1693306,onion_rings,Onion rings,-0.039229512214660645,facil
onion_rings/1778452,onion_rings,Onion rings,-0.039229512214660645,facil
onion_rings/2006926,onion_rings,Onion rings,-0.039229512214660645,facil
onion_rings/2024866,onion_rings,Onion rings,-0.039229512214660645,facil
onion_rings/2254620,onion_rings,Onion rings,-0.039229512214660645,facil
onion_rings/2400906,onion_rings,Onion rings,-0.039229512214660645,facil
onion_rings/2414334,onion_rings,Onion rings,-0.039229512214660645,facil
onion_rings/2612222,onion_rings,Onion rings,-0.039229512214660645,facil
onion_rings/2720076,onion_rings,Onion rings,-0.039229512214660645,facil
onion_rings/2887719,onion_rings,Onion rings,-0.039229512214660645,facil
onion_rings/3022006,onion_rings,Onion rings,-0.039229512214660645,facil
onion_rings/3291253,onion_rings,Onion rings,-0.039229512214660645,facil
onion_rings/3341116,onion_rings,Onion rings,-0.039229512214660645,facil
onion_rings/3359495,onion_rings,Onion rings,-0.039229512214660645,facil
onion_rings/3364870,onion_rings,Onion rings,-0.039229512214660645,facil
onion_rings/3373686,onion_rings,Onion rings,-0.039229512214660645,facil
onion_rings/3773120,onion_rings,Onion rings,-0.039229512214660645,facil
onion_rings/755237,onion_rings,Onion rings,-0.039229512214660645,facil
onion_rings/890921,onion_rings,Onion rings,-0.039229512214660645,facil
oysters/1704868,oysters,Oysters,0.0010551810264587402,facil
oysters/172190,oysters,Oysters,0.0010551810264587402,facil
oysters/1785675,oysters,Oysters,0.0010551810264587402,facil
oysters/2007449,oysters,Oysters,0.0010551810264587402,facil
oysters/2011352,oysters,Oysters,0.0010551810264587402,facil
oysters/2126548,oysters,Oysters,0.0010551810264587402,facil
oysters/2231916,oysters,Oysters,0.0010551810264587402,facil
oysters/2408512,oysters,Oysters,0.0010551810264587402,facil
oysters/2414958,oysters,Oysters,0.0010551810264587402,facil
oysters/2503768,oysters,Oysters,0.0010551810264587402,facil
oysters/2575306,oysters,Oysters,0.0010551810264587402,facil
oysters/2857065,oysters,Oysters,0.0010551810264587402,facil
oysters/301972,oysters,Oysters,0.0010551810264587402,facil
oysters/3183299,oysters,Oysters,0.0010551810264587402,facil
oysters/3219186,oysters,Oysters,0.0010551810264587402,facil
oysters/3237294,oysters,Oysters,0.0010551810264587402,facil
oysters/3361558,oysters,Oysters,0.0010551810264587402,facil
oysters/3648280,oysters,Oysters,0.0010551810264587402,facil
oysters/3659879,oysters,Oysters,0.0010551810264587402,facil
oysters/3696911,oysters,Oysters,0.0010551810264587402,facil
oysters/387107,oysters,Oysters,0.0010551810264587402,facil
oysters/46301,oysters,Oysters,0.0010551810264587402,facil
oysters/689806,oysters,Oysters,0.0010551810264587402,facil
oysters/951798,oysters,Oysters,0.0010551810264587402,facil
oysters/978125,oysters,Oysters,0.0010551810264587402,facil
pad_thai/1114267,pad_thai,Pad thai,-0.03798115253448486,facil
pad_thai/1201856,pad_thai,Pad thai,-0.03798115253448486,facil
pad_thai/145069,pad_thai,Pad thai,-0.03798115253448486,facil
pad_thai/1511072,pad_thai,Pad thai,-0.03798115253448486,facil
pad_thai/1610246,pad_thai,Pad thai,-0.03798115253448486,facil
pad_thai/1709738,pad_thai,Pad thai,-0.03798115253448486,facil
pad_thai/1901200,pad_thai,Pad thai,-0.03798115253448486,facil
pad_thai/200533,pad_thai,Pad thai,-0.03798115253448486,facil
pad_thai/211476,pad_thai,Pad thai,-0.03798115253448486,facil
pad_thai/215021,pad_thai,Pad thai,-0.03798115253448486,facil
pad_thai/2359302,pad_thai,Pad thai,-0.03798115253448486,facil
pad_thai/2586912,pad_thai,Pad thai,-0.03798115253448486,facil
pad_thai/2649391,pad_thai,Pad thai,-0.03798115253448486,facil
pad_thai/2823259,pad_thai,Pad thai,-0.03798115253448486,facil
pad_thai/3089593,pad_thai,Pad thai,-0.03798115253448486,facil
pad_thai/3101616,pad_thai,Pad thai,-0.03798115253448486,facil
pad_thai/3174350,pad_thai,Pad thai,-0.03798115253448486,facil
pad_thai/3741808,pad_thai,Pad thai,-0.03798115253448486,facil
pad_thai/3775499,pad_thai,Pad thai,-0.03798115253448486,facil
pad_thai/3878928,pad_thai,Pad thai,-0.03798115253448486,facil
pad_thai/3880147,pad_thai,Pad thai,-0.03798115253448486,facil
pad_thai/510486,pad_thai,Pad thai,-0.03798115253448486,facil
pad_thai/649151,pad_thai,Pad thai,-0.03798115253448486,facil
pad_thai/788616,pad_thai,Pad thai,-0.03798115253448486,facil
pad_thai/989386,pad_thai,Pad thai,-0.03798115253448486,facil
paella/1221430,paella,Paella,-0.038768649101257324,facil
paella/1276220,paella,Paella,-0.038768649101257324,facil
paella/1297738,paella,Paella,-0.038768649101257324,facil
paella/1339749,paella,Paella,-0.038768649101257324,facil
paella/1346503,paella,Paella,-0.038768649101257324,facil
paella/1393675,paella,Paella,-0.038768649101257324,facil
paella/1404928,paella,Paella,-0.038768649101257324,facil
paella/1499914,paella,Paella,-0.038768649101257324,facil
paella/2129065,paella,Paella,-0.038768649101257324,facil
paella/217989,paella,Paella,-0.038768649101257324,facil
paella/2215136,paella,Paella,-0.038768649101257324,facil
paella/2470902,paella,Paella,-0.038768649101257324,facil
paella/2541809,paella,Paella,-0.038768649101257324,facil
paella/256802,paella,Paella,-0.038768649101257324,facil
paella/2675666,paella,Paella,-0.038768649101257324,facil
paella/2811643,paella,Paella,-0.038768649101257324,facil
paella/2969655,paella,Paella,-0.038768649101257324,facil
paella/3353529,paella,Paella,-0.038768649101257324,facil
paella/3552066,paella,Paella,-0.038768649101257324,facil
paella/3774465,paella,Paella,-0.038768649101257324,facil
paella/3839640,paella,Paella,-0.038768649101257324,facil
paella/530213,paella,Paella,-0.038768649101257324,facil
paella/660238,paella,Paella,-0.038768649101257324,facil
paella/875955,paella,Paella,-0.038768649101257324,facil
paella/877375,paella,Paella,-0.038768649101257324,facil
pancakes/1012952,pancakes,Pancakes,-0.0622517466545105,dificil
pancakes/1142318,pancakes,Pancakes,-0.0622517466545105,dificil
pancakes/1151338,pancakes,Pancakes,-0.0622517466545105,dificil
pancakes/1221265,pancakes,Pancakes,-0.0622517466545105,dificil
pancakes/1327649,pancakes,Pancakes,-0.0622517466545105,dificil
pancakes/1594424,pancakes,Pancakes,-0.0622517466545105,dificil
pancakes/1668955,pancakes,Pancakes,-0.0622517466545105,dificil
pancakes/2780935,pancakes,Pancakes,-0.0622517466545105,dificil
pancakes/2829729,pancakes,Pancakes,-0.0622517466545105,dificil
pancakes/3001416,pancakes,Pancakes,-0.0622517466545105,dificil
pancakes/3074950,pancakes,Pancakes,-0.0622517466545105,dificil
pancakes/3266377,pancakes,Pancakes,-0.0622517466545105,dificil
pancakes/3444343,pancakes,Pancakes,-0.0622517466545105,dificil
pancakes/3550089,pancakes,Pancakes,-0.0622517466545105,dificil
pancakes/358592,pancakes,Pancakes,-0.0622517466545105,dificil
pancakes/3613390,pancakes,Pancakes,-0.0622517466545105,dificil
pancakes/3642018,pancakes,Pancakes,-0.0622517466545105,dificil
pancakes/3883726,pancakes,Pancakes,-0.0622517466545105,dificil
pancakes/413585,pancakes,Pancakes,-0.0622517466545105,dificil
pancakes/47437,pancakes,Pancakes,-0.0622517466545105,dificil
pancakes/63754,pancakes,Pancakes,-0.0622517466545105,dificil
pancakes/685645,pancakes,Pancakes,-0.0622517466545105,dificil
pancakes/91756,pancakes,Pancakes,-0.0622517466545105,dificil
pancakes/957023,pancakes,Pancakes,-0.0622517466545105,dificil
pancakes/960940,pancakes,Pancakes,-0.0622517466545105,dificil
panna_cotta/1108366,panna_cotta,Panna cotta,-0.08228433132171631,dificil
panna_cotta/1189512,panna_cotta,Panna cotta,-0.08228433132171631,dificil
panna_cotta/1260335,panna_cotta,Panna cotta,-0.08228433132171631,dificil
panna_cotta/1393814,panna_cotta,Panna cotta,-0.08228433132171631,dificil
panna_cotta/1419191,panna_cotta,Panna cotta,-0.08228433132171631,dificil
panna_cotta/1431116,panna_cotta,Panna cotta,-0.08228433132171631,dificil
panna_cotta/155019,panna_cotta,Panna cotta,-0.08228433132171631,dificil
panna_cotta/1884873,panna_cotta,Panna cotta,-0.08228433132171631,dificil
panna_cotta/1937152,panna_cotta,Panna cotta,-0.08228433132171631,dificil
panna_cotta/2474039,panna_cotta,Panna cotta,-0.08228433132171631,dificil
panna_cotta/250988,panna_cotta,Panna cotta,-0.08228433132171631,dificil
panna_cotta/2531105,panna_cotta,Panna cotta,-0.08228433132171631,dificil
panna_cotta/2630769,panna_cotta,Panna cotta,-0.08228433132171631,dificil
panna_cotta/2668735,panna_cotta,Panna cotta,-0.08228433132171631,dificil
panna_cotta/2878464,panna_cotta,Panna cotta,-0.08228433132171631,dificil
panna_cotta/2882601,panna_cotta,Panna cotta,-0.08228433132171631,dificil
panna_cotta/3042741,panna_cotta,Panna cotta,-0.08228433132171631,dificil
panna_cotta/3502354,panna_cotta,Panna cotta,-0.08228433132171631,dificil
panna_cotta/3544879,panna_cotta,Panna cotta,-0.08228433132171631,dificil
panna_cotta/3642213,panna_cotta,Panna cotta,-0.08228433132171631,dificil
panna_cotta/3852436,panna_cotta,Panna cotta,-0.08228433132171631,dificil
panna_cotta/3917086,panna_cotta,Panna cotta,-0.08228433132171631,dificil
panna_cotta/596975,panna_cotta,Panna cotta,-0.08228433132171631,dificil
panna_cotta/78936,panna_cotta,Panna cotta,-0.08228433132171631,dificil
panna_cotta/956996,panna_cotta,Panna cotta,-0.08228433132171631,dificil
peking_duck/1176188,peking_duck,Peking duck,-0.06127274036407471,medio
peking_duck/1182252,peking_duck,Peking duck,-0.06127274036407471,medio
peking_duck/1234864,peking_duck,Peking duck,-0.06127274036407471,medio
peking_duck/1322767,peking_duck,Peking duck,-0.06127274036407471,medio
peking_duck/1420043,peking_duck,Peking duck,-0.06127274036407471,medio
peking_duck/2642651,peking_duck,Peking duck,-0.06127274036407471,medio
peking_duck/264738,peking_duck,Peking duck,-0.06127274036407471,medio
peking_duck/2676715,peking_duck,Peking duck,-0.06127274036407471,medio
peking_duck/2831142,peking_duck,Peking duck,-0.06127274036407471,medio
peking_duck/2922795,peking_duck,Peking duck,-0.06127274036407471,medio
peking_duck/3020706,peking_duck,Peking duck,-0.06127274036407471,medio
peking_duck/3123986,peking_duck,Peking duck,-0.06127274036407471,medio
peking_duck/3229531,peking_duck,Peking duck,-0.06127274036407471,medio
peking_duck/3239010,peking_duck,Peking duck,-0.06127274036407471,medio
peking_duck/3375577,peking_duck,Peking duck,-0.06127274036407471,medio
peking_duck/3410856,peking_duck,Peking duck,-0.06127274036407471,medio
peking_duck/3718862,peking_duck,Peking duck,-0.06127274036407471,medio
peking_duck/381714,peking_duck,Peking duck,-0.06127274036407471,medio
peking_duck/441907,peking_duck,Peking duck,-0.06127274036407471,medio
peking_duck/45978,peking_duck,Peking duck,-0.06127274036407471,medio
peking_duck/521673,peking_duck,Peking duck,-0.06127274036407471,medio
peking_duck/548149,peking_duck,Peking duck,-0.06127274036407471,medio
peking_duck/630396,peking_duck,Peking duck,-0.06127274036407471,medio
peking_duck/886593,peking_duck,Peking duck,-0.06127274036407471,medio
peking_duck/962851,peking_duck,Peking duck,-0.06127274036407471,medio
pho/1002382,pho,Pho,-0.004464209079742432,facil
pho/1105040,pho,Pho,-0.004464209079742432,facil
pho/1130174,pho,Pho,-0.004464209079742432,facil
pho/1337076,pho,Pho,-0.004464209079742432,facil
pho/150417,pho,Pho,-0.004464209079742432,facil
pho/162586,pho,Pho,-0.004464209079742432,facil
pho/171433,pho,Pho,-0.004464209079742432,facil
pho/2001863,pho,Pho,-0.004464209079742432,facil
pho/2055313,pho,Pho,-0.004464209079742432,facil
pho/210033,pho,Pho,-0.004464209079742432,facil
pho/2264985,pho,Pho,-0.004464209079742432,facil
pho/2435207,pho,Pho,-0.004464209079742432,facil
pho/2556461,pho,Pho,-0.004464209079742432,facil
pho/2654197,pho,Pho,-0.004464209079742432,facil
pho/2800269,pho,Pho,-0.004464209079742432,facil
pho/3296101,pho,Pho,-0.004464209079742432,facil
pho/3325410,pho,Pho,-0.004464209079742432,facil
pho/3580020,pho,Pho,-0.004464209079742432,facil
pho/3598157,pho,Pho,-0.004464209079742432,facil
pho/3711445,pho,Pho,-0.004464209079742432,facil
pho/3746643,pho,Pho,-0.004464209079742432,facil
pho/5030,pho,Pho,-0.004464209079742432,facil
pho/551705,pho,Pho,-0.004464209079742432,facil
pho/771535,pho,Pho,-0.004464209079742432,facil
pho/942661,pho,Pho,-0.004464209079742432,facil
pizza/106507,pizza,Pizza,0.00588458776473999,facil
pizza/1179703,pizza,Pizza,0.00588458776473999,facil
pizza/1180001,pizza,Pizza,0.00588458776473999,facil
pizza/121960,pizza,Pizza,0.00588458776473999,facil
pizza/1220156,pizza,Pizza,0.00588458776473999,facil
pizza/129666,pizza,Pizza,0.00588458776473999,facil
pizza/1342321,pizza,Pizza,0.00588458776473999,facil
pizza/1686938,pizza,Pizza,0.00588458776473999,facil
pizza/1999711,pizza,Pizza,0.00588458776473999,facil
pizza/2003290,pizza,Pizza,0.00588458776473999,facil
pizza/2165223,pizza,Pizza,0.00588458776473999,facil
pizza/2236338,pizza,Pizza,0.00588458776473999,facil
pizza/2320458,pizza,Pizza,0.00588458776473999,facil
pizza/2406842,pizza,Pizza,0.00588458776473999,facil
pizza/248199,pizza,Pizza,0.00588458776473999,facil
pizza/2521769,pizza,Pizza,0.00588458776473999,facil
pizza/2992605,pizza,Pizza,0.00588458776473999,facil
pizza/3092704,pizza,Pizza,0.00588458776473999,facil
pizza/324942,pizza,Pizza,0.00588458776473999,facil
pizza/343480,pizza,Pizza,0.00588458776473999,facil
pizza/3898047,pizza,Pizza,0.00588458776473999,facil
pizza/3919151,pizza,Pizza,0.00588458776473999,facil
pizza/61656,pizza,Pizza,0.00588458776473999,facil
pizza/729262,pizza,Pizza,0.00588458776473999,facil
pizza/897300,pizza,Pizza,0.00588458776473999,facil
pork_chop/1040432,pork_chop,Pork chop,-0.09634554386138916,dificil
pork_chop/1345332,pork_chop,Pork chop,-0.09634554386138916,dificil
pork_chop/1490214,pork_chop,Pork chop,-0.09634554386138916,dificil
pork_chop/150767,pork_chop,Pork chop,-0.09634554386138916,dificil
pork_chop/1580896,pork_chop,Pork chop,-0.09634554386138916,dificil
pork_chop/1707225,pork_chop,Pork chop,-0.09634554386138916,dificil
pork_chop/1915412,pork_chop,Pork chop,-0.09634554386138916,dificil
pork_chop/2086274,pork_chop,Pork chop,-0.09634554386138916,dificil
pork_chop/2212565,pork_chop,Pork chop,-0.09634554386138916,dificil
pork_chop/233685,pork_chop,Pork chop,-0.09634554386138916,dificil
pork_chop/2391789,pork_chop,Pork chop,-0.09634554386138916,dificil
pork_chop/240531,pork_chop,Pork chop,-0.09634554386138916,dificil
pork_chop/2431253,pork_chop,Pork chop,-0.09634554386138916,dificil
pork_chop/2478147,pork_chop,Pork chop,-0.09634554386138916,dificil
pork_chop/251157,pork_chop,Pork chop,-0.09634554386138916,dificil
pork_chop/2583657,pork_chop,Pork chop,-0.09634554386138916,dificil
pork_chop/2867015,pork_chop,Pork chop,-0.09634554386138916,dificil
pork_chop/3226324,pork_chop,Pork chop,-0.09634554386138916,dificil
pork_chop/3257648,pork_chop,Pork chop,-0.09634554386138916,dificil
pork_chop/326257,pork_chop,Pork chop,-0.09634554386138916,dificil
pork_chop/3480291,pork_chop,Pork chop,-0.09634554386138916,dificil
pork_chop/3739986,pork_chop,Pork chop,-0.09634554386138916,dificil
pork_chop/3794710,pork_chop,Pork chop,-0.09634554386138916,dificil
pork_chop/3846969,pork_chop,Pork chop,-0.09634554386138916,dificil
pork_chop/591168,pork_chop,Pork chop,-0.09634554386138916,dificil
poutine/1044856,poutine,Poutine,-0.06044954061508179,medio
poutine/1230515,poutine,Poutine,-0.06044954061508179,medio
poutine/1368090,poutine,Poutine,-0.06044954061508179,medio
poutine/144371,poutine,Poutine,-0.06044954061508179,medio
poutine/1474056,poutine,Poutine,-0.06044954061508179,medio
poutine/1955447,poutine,Poutine,-0.06044954061508179,medio
poutine/2038763,poutine,Poutine,-0.06044954061508179,medio
poutine/2051644,poutine,Poutine,-0.06044954061508179,medio
poutine/234895,poutine,Poutine,-0.06044954061508179,medio
poutine/2472075,poutine,Poutine,-0.06044954061508179,medio
poutine/2524174,poutine,Poutine,-0.06044954061508179,medio
poutine/2581036,poutine,Poutine,-0.06044954061508179,medio
poutine/267989,poutine,Poutine,-0.06044954061508179,medio
poutine/29927,poutine,Poutine,-0.06044954061508179,medio
poutine/3505489,poutine,Poutine,-0.06044954061508179,medio
poutine/3505775,poutine,Poutine,-0.06044954061508179,medio
poutine/3648273,poutine,Poutine,-0.06044954061508179,medio
poutine/371916,poutine,Poutine,-0.06044954061508179,medio
poutine/3857482,poutine,Poutine,-0.06044954061508179,medio
poutine/3866368,poutine,Poutine,-0.06044954061508179,medio
poutine/446959,poutine,Poutine,-0.06044954061508179,medio
poutine/452450,poutine,Poutine,-0.06044954061508179,medio
poutine/616211,poutine,Poutine,-0.06044954061508179,medio
poutine/771699,poutine,Poutine,-0.06044954061508179,medio
poutine/942557,poutine,Poutine,-0.06044954061508179,medio
prime_rib/105375,prime_rib,Prime rib,-0.08740240335464478,dificil
prime_rib/1141078,prime_rib,Prime rib,-0.08740240335464478,dificil
prime_rib/1147009,prime_rib,Prime rib,-0.08740240335464478,dificil
prime_rib/11485,prime_rib,Prime rib,-0.08740240335464478,dificil
prime_rib/1160521,prime_rib,Prime rib,-0.08740240335464478,dificil
prime_rib/1335306,prime_rib,Prime rib,-0.08740240335464478,dificil
prime_rib/1371226,prime_rib,Prime rib,-0.08740240335464478,dificil
prime_rib/1486276,prime_rib,Prime rib,-0.08740240335464478,dificil
prime_rib/1558127,prime_rib,Prime rib,-0.08740240335464478,dificil
prime_rib/1725798,prime_rib,Prime rib,-0.08740240335464478,dificil
prime_rib/1841555,prime_rib,Prime rib,-0.08740240335464478,dificil
prime_rib/2203162,prime_rib,Prime rib,-0.08740240335464478,dificil
prime_rib/2585835,prime_rib,Prime rib,-0.08740240335464478,dificil
prime_rib/269845,prime_rib,Prime rib,-0.08740240335464478,dificil
prime_rib/2920975,prime_rib,Prime rib,-0.08740240335464478,dificil
prime_rib/3001960,prime_rib,Prime rib,-0.08740240335464478,dificil
prime_rib/3260842,prime_rib,Prime rib,-0.08740240335464478,dificil
prime_rib/3271753,prime_rib,Prime rib,-0.08740240335464478,dificil
prime_rib/343265,prime_rib,Prime rib,-0.08740240335464478,dificil
prime_rib/34793,prime_rib,Prime rib,-0.08740240335464478,dificil
prime_rib/418663,prime_rib,Prime rib,-0.08740240335464478,dificil
prime_rib/503077,prime_rib,Prime rib,-0.08740240335464478,dificil
prime_rib/546072,prime_rib,Prime rib,-0.08740240335464478,dificil
prime_rib/631019,prime_rib,Prime rib,-0.08740240335464478,dificil
prime_rib/9053,prime_rib,Prime rib,-0.08740240335464478,dificil
pulled_pork_sandwich/1141905,pulled_pork_sandwich,Pulled pork sandwich,-0.038533806800842285,facil
pulled_pork_sandwich/1216304,pulled_pork_sandwich,Pulled pork sandwich,-0.038533806800842285,facil
pulled_pork_sandwich/1481257,pulled_pork_sandwich,Pulled pork sandwich,-0.038533806800842285,facil
pulled_pork_sandwich/1714132,pulled_pork_sandwich,Pulled pork sandwich,-0.038533806800842285,facil
pulled_pork_sandwich/1717489,pulled_pork_sandwich,Pulled pork sandwich,-0.038533806800842285,facil
pulled_pork_sandwich/1826318,pulled_pork_sandwich,Pulled pork sandwich,-0.038533806800842285,facil
pulled_pork_sandwich/1951890,pulled_pork_sandwich,Pulled pork sandwich,-0.038533806800842285,facil
pulled_pork_sandwich/2001979,pulled_pork_sandwich,Pulled pork sandwich,-0.038533806800842285,facil
pulled_pork_sandwich/2049557,pulled_pork_sandwich,Pulled pork sandwich,-0.038533806800842285,facil
pulled_pork_sandwich/2351586,pulled_pork_sandwich,Pulled pork sandwich,-0.038533806800842285,facil
pulled_pork_sandwich/2467092,pulled_pork_sandwich,Pulled pork sandwich,-0.038533806800842285,facil
pulled_pork_sandwich/2619307,pulled_pork_sandwich,Pulled pork sandwich,-0.038533806800842285,facil
pulled_pork_sandwich/2691015,pulled_pork_sandwich,Pulled pork sandwich,-0.038533806800842285,facil
pulled_pork_sandwich/3185934,pulled_pork_sandwich,Pulled pork sandwich,-0.038533806800842285,facil
pulled_pork_sandwich/3212692,pulled_pork_sandwich,Pulled pork sandwich,-0.038533806800842285,facil
pulled_pork_sandwich/330422,pulled_pork_sandwich,Pulled pork sandwich,-0.038533806800842285,facil
pulled_pork_sandwich/3552437,pulled_pork_sandwich,Pulled pork sandwich,-0.038533806800842285,facil
pulled_pork_sandwich/3660326,pulled_pork_sandwich,Pulled pork sandwich,-0.038533806800842285,facil
pulled_pork_sandwich/3727898,pulled_pork_sandwich,Pulled pork sandwich,-0.038533806800842285,facil
pulled_pork_sandwich/376138,pulled_pork_sandwich,Pulled pork sandwich,-0.038533806800842285,facil
pulled_pork_sandwich/751195,pulled_pork_sandwich,Pulled pork sandwich,-0.038533806800842285,facil
pulled_pork_sandwich/75579,pulled_pork_sandwich,Pulled pork sandwich,-0.038533806800842285,facil
pulled_pork_sandwich/803689,pulled_pork_sandwich,Pulled pork sandwich,-0.038533806800842285,facil
pulled_pork_sandwich/947027,pulled_pork_sandwich,Pulled pork sandwich,-0.038533806800842285,facil
pulled_pork_sandwich/985218,pulled_pork_sandwich,Pulled pork sandwich,-0.038533806800842285,facil
ramen/1313990,ramen,Ramen,-0.023614168167114258,facil
ramen/16574,ramen,Ramen,-0.023614168167114258,facil
ramen/1684029,ramen,Ramen,-0.023614168167114258,facil
ramen/1761122,ramen,Ramen,-0.023614168167114258,facil
ramen/181732,ramen,Ramen,-0.023614168167114258,facil
ramen/1844129,ramen,Ramen,-0.023614168167114258,facil
ramen/2508220,ramen,Ramen,-0.023614168167114258,facil
ramen/2538677,ramen,Ramen,-0.023614168167114258,facil
ramen/265479,ramen,Ramen,-0.023614168167114258,facil
ramen/2877608,ramen,Ramen,-0.023614168167114258,facil
ramen/3075273,ramen,Ramen,-0.023614168167114258,facil
ramen/3191588,ramen,Ramen,-0.023614168167114258,facil
ramen/3295452,ramen,Ramen,-0.023614168167114258,facil
ramen/3348409,ramen,Ramen,-0.023614168167114258,facil
ramen/345186,ramen,Ramen,-0.023614168167114258,facil
ramen/3522433,ramen,Ramen,-0.023614168167114258,facil
ramen/3536198,ramen,Ramen,-0.023614168167114258,facil
ramen/3762977,ramen,Ramen,-0.023614168167114258,facil
ramen/51639,ramen,Ramen,-0.023614168167114258,facil
ramen/620907,ramen,Ramen,-0.023614168167114258,facil
ramen/714494,ramen,Ramen,-0.023614168167114258,facil
ramen/743723,ramen,Ramen,-0.023614168167114258,facil
ramen/802447,ramen,Ramen,-0.023614168167114258,facil
ramen/82567,ramen,Ramen,-0.023614168167114258,facil
ramen/989231,ramen,Ramen,-0.023614168167114258,facil
ravioli/1100644,ravioli,Ravioli,-0.07433193922042847,dificil
ravioli/1795471,ravioli,Ravioli,-0.07433193922042847,dificil
ravioli/1905508,ravioli,Ravioli,-0.07433193922042847,dificil
ravioli/198233,ravioli,Ravioli,-0.07433193922042847,dificil
ravioli/2106789,ravioli,Ravioli,-0.07433193922042847,dificil
ravioli/212038,ravioli,Ravioli,-0.07433193922042847,dificil
ravioli/227051,ravioli,Ravioli,-0.07433193922042847,dificil
ravioli/2292513,ravioli,Ravioli,-0.07433193922042847,dificil
ravioli/2406954,ravioli,Ravioli,-0.07433193922042847,dificil
ravioli/252131,ravioli,Ravioli,-0.07433193922042847,dificil
ravioli/259265,ravioli,Ravioli,-0.07433193922042847,dificil
ravioli/2621093,ravioli,Ravioli,-0.07433193922042847,dificil
ravioli/2852943,ravioli,Ravioli,-0.07433193922042847,dificil
ravioli/3206806,ravioli,Ravioli,-0.07433193922042847,dificil
ravioli/3222548,ravioli,Ravioli,-0.07433193922042847,dificil
ravioli/338268,ravioli,Ravioli,-0.07433193922042847,dificil
ravioli/3550631,ravioli,Ravioli,-0.07433193922042847,dificil
ravioli/3598664,ravioli,Ravioli,-0.07433193922042847,dificil
ravioli/3746517,ravioli,Ravioli,-0.07433193922042847,dificil
ravioli/3884951,ravioli,Ravioli,-0.07433193922042847,dificil
ravioli/3917024,ravioli,Ravioli,-0.07433193922042847,dificil
ravioli/400086,ravioli,Ravioli,-0.07433193922042847,dificil
ravioli/673319,ravioli,Ravioli,-0.07433193922042847,dificil
ravioli/70586,ravioli,Ravioli,-0.07433193922042847,dificil
ravioli/722639,ravioli,Ravioli,-0.07433193922042847,dificil
red_velvet_cake/1072388,red_velvet_cake,Red velvet cake,-0.0589061975479126,medio
red_velvet_cake/1236991,red_velvet_cake,Red velvet cake,-0.0589061975479126,medio
red_velvet_cake/1317010,red_velvet_cake,Red velvet cake,-0.0589061975479126,medio
red_velvet_cake/153479,red_velvet_cake,Red velvet cake,-0.0589061975479126,medio
red_velvet_cake/1598868,red_velvet_cake,Red velvet cake,-0.0589061975479126,medio
red_velvet_cake/1836376,red_velvet_cake,Red velvet cake,-0.0589061975479126,medio
red_velvet_cake/1978490,red_velvet_cake,Red velvet cake,-0.0589061975479126,medio
red_velvet_cake/2036922,red_velvet_cake,Red velvet cake,-0.0589061975479126,medio
red_velvet_cake/27282,red_velvet_cake,Red velvet cake,-0.0589061975479126,medio
red_velvet_cake/2767566,red_velvet_cake,Red velvet cake,-0.0589061975479126,medio
red_velvet_cake/2798144,red_velvet_cake,Red velvet cake,-0.0589061975479126,medio
red_velvet_cake/2992374,red_velvet_cake,Red velvet cake,-0.0589061975479126,medio
red_velvet_cake/3081059,red_velvet_cake,Red velvet cake,-0.0589061975479126,medio
red_velvet_cake/3252016,red_velvet_cake,Red velvet cake,-0.0589061975479126,medio
red_velvet_cake/3455103,red_velvet_cake,Red velvet cake,-0.0589061975479126,medio
red_velvet_cake/3560676,red_velvet_cake,Red velvet cake,-0.0589061975479126,medio
red_velvet_cake/3662711,red_velvet_cake,Red velvet cake,-0.0589061975479126,medio
red_velvet_cake/3837084,red_velvet_cake,Red velvet cake,-0.0589061975479126,medio
red_velvet_cake/3866705,red_velvet_cake,Red velvet cake,-0.0589061975479126,medio
red_velvet_cake/423359,red_velvet_cake,Red velvet cake,-0.0589061975479126,medio
red_velvet_cake/484470,red_velvet_cake,Red velvet cake,-0.0589061975479126,medio
red_velvet_cake/524755,red_velvet_cake,Red velvet cake,-0.0589061975479126,medio
red_velvet_cake/716170,red_velvet_cake,Red velvet cake,-0.0589061975479126,medio
red_velvet_cake/74024,red_velvet_cake,Red velvet cake,-0.0589061975479126,medio
red_velvet_cake/828019,red_velvet_cake,Red velvet cake,-0.0589061975479126,medio
risotto/1004935,risotto,Risotto,-0.0711219310760498,dificil
risotto/1169969,risotto,Risotto,-0.0711219310760498,dificil
risotto/1269182,risotto,Risotto,-0.0711219310760498,dificil
risotto/1393208,risotto,Risotto,-0.0711219310760498,dificil
risotto/1886103,risotto,Risotto,-0.0711219310760498,dificil
risotto/2135252,risotto,Risotto,-0.0711219310760498,dificil
risotto/2305871,risotto,Risotto,-0.0711219310760498,dificil
risotto/2319775,risotto,Risotto,-0.0711219310760498,dificil
risotto/2515869,risotto,Risotto,-0.0711219310760498,dificil
risotto/2553928,risotto,Risotto,-0.0711219310760498,dificil
risotto/2563230,risotto,Risotto,-0.0711219310760498,dificil
risotto/2622700,risotto,Risotto,-0.0711219310760498,dificil
risotto/2637268,risotto,Risotto,-0.0711219310760498,dificil
risotto/267169,risotto,Risotto,-0.0711219310760498,dificil
risotto/2951103,risotto,Risotto,-0.0711219310760498,dificil
risotto/2982841,risotto,Risotto,-0.0711219310760498,dificil
risotto/3480788,risotto,Risotto,-0.0711219310760498,dificil
risotto/3615296,risotto,Risotto,-0.0711219310760498,dificil
risotto/3773028,risotto,Risotto,-0.0711219310760498,dificil
risotto/488656,risotto,Risotto,-0.0711219310760498,dificil
risotto/547531,risotto,Risotto,-0.0711219310760498,dificil
risotto/713463,risotto,Risotto,-0.0711219310760498,dificil
risotto/727450,risotto,Risotto,-0.0711219310760498,dificil
risotto/884850,risotto,Risotto,-0.0711219310760498,dificil
risotto/978653,risotto,Risotto,-0.0711219310760498,dificil
samosa/1036216,samosa,Samosa,-0.08146899938583374,dificil
samosa/1488562,samosa,Samosa,-0.08146899938583374,dificil
samosa/2129463,samosa,Samosa,-0.08146899938583374,dificil
samosa/2137689,samosa,Samosa,-0.08146899938583374,dificil
samosa/2160658,samosa,Samosa,-0.08146899938583374,dificil
samosa/2188970,samosa,Samosa,-0.08146899938583374,dificil
samosa/2255127,samosa,Samosa,-0.08146899938583374,dificil
samosa/2323779,samosa,Samosa,-0.08146899938583374,dificil
samosa/2571492,samosa,Samosa,-0.08146899938583374,dificil
samosa/2936956,samosa,Samosa,-0.08146899938583374,dificil
samosa/3114069,samosa,Samosa,-0.08146899938583374,dificil
samosa/3130509,samosa,Samosa,-0.08146899938583374,dificil
samosa/316696,samosa,Samosa,-0.08146899938583374,dificil
samosa/3189796,samosa,Samosa,-0.08146899938583374,dificil
samosa/3280215,samosa,Samosa,-0.08146899938583374,dificil
samosa/34703,samosa,Samosa,-0.08146899938583374,dificil
samosa/3546936,samosa,Samosa,-0.08146899938583374,dificil
samosa/3568453,samosa,Samosa,-0.08146899938583374,dificil
samosa/3610746,samosa,Samosa,-0.08146899938583374,dificil
samosa/3781599,samosa,Samosa,-0.08146899938583374,dificil
samosa/3836568,samosa,Samosa,-0.08146899938583374,dificil
samosa/3845484,samosa,Samosa,-0.08146899938583374,dificil
samosa/476861,samosa,Samosa,-0.08146899938583374,dificil
samosa/878161,samosa,Samosa,-0.08146899938583374,dificil
samosa/893048,samosa,Samosa,-0.08146899938583374,dificil
sashimi/100113,sashimi,Sashimi,-0.021006405353546143,facil
sashimi/1109903,sashimi,Sashimi,-0.021006405353546143,facil
sashimi/1225779,sashimi,Sashimi,-0.021006405353546143,facil
sashimi/1307214,sashimi,Sashimi,-0.021006405353546143,facil
sashimi/1333139,sashimi,Sashimi,-0.021006405353546143,facil
sashimi/1453088,sashimi,Sashimi,-0.021006405353546143,facil
sashimi/1551758,sashimi,Sashimi,-0.021006405353546143,facil
sashimi/166063,sashimi,Sashimi,-0.021006405353546143,facil
sashimi/1851394,sashimi,Sashimi,-0.021006405353546143,facil
sashimi/1855789,sashimi,Sashimi,-0.021006405353546143,facil
sashimi/1974790,sashimi,Sashimi,-0.021006405353546143,facil
sashimi/2182195,sashimi,Sashimi,-0.021006405353546143,facil
sashimi/3002633,sashimi,Sashimi,-0.021006405353546143,facil
sashimi/3055451,sashimi,Sashimi,-0.021006405353546143,facil
sashimi/3067566,sashimi,Sashimi,-0.021006405353546143,facil
sashimi/3317464,sashimi,Sashimi,-0.021006405353546143,facil
sashimi/3340526,sashimi,Sashimi,-0.021006405353546143,facil
sashimi/3361149,sashimi,Sashimi,-0.021006405353546143,facil
sashimi/3399479,sashimi,Sashimi,-0.021006405353546143,facil
sashimi/3643177,sashimi,Sashimi,-0.021006405353546143,facil
sashimi/3726368,sashimi,Sashimi,-0.021006405353546143,facil
sashimi/3917202,sashimi,Sashimi,-0.021006405353546143,facil
sashimi/392169,sashimi,Sashimi,-0.021006405353546143,facil
sashimi/648425,sashimi,Sashimi,-0.021006405353546143,facil
sashimi/938288,sashimi,Sashimi,-0.021006405353546143,facil
scallops/100959,scallops,Scallops,-0.0550764799118042,medio
scallops/1165733,scallops,Scallops,-0.0550764799118042,medio
scallops/1432931,scallops,Scallops,-0.0550764799118042,medio
scallops/1521510,scallops,Scallops,-0.0550764799118042,medio
scallops/1555729,scallops,Scallops,-0.0550764799118042,medio
scallops/1595988,scallops,Scallops,-0.0550764799118042,medio
scallops/161231,scallops,Scallops,-0.0550764799118042,medio
scallops/1625790,scallops,Scallops,-0.0550764799118042,medio
scallops/1669859,scallops,Scallops,-0.0550764799118042,medio
scallops/2179506,scallops,Scallops,-0.0550764799118042,medio
scallops/2255402,scallops,Scallops,-0.0550764799118042,medio
scallops/2310418,scallops,Scallops,-0.0550764799118042,medio
scallops/2442102,scallops,Scallops,-0.0550764799118042,medio
scallops/2836611,scallops,Scallops,-0.0550764799118042,medio
scallops/2927457,scallops,Scallops,-0.0550764799118042,medio
scallops/3078496,scallops,Scallops,-0.0550764799118042,medio
scallops/3087585,scallops,Scallops,-0.0550764799118042,medio
scallops/3384733,scallops,Scallops,-0.0550764799118042,medio
scallops/3402278,scallops,Scallops,-0.0550764799118042,medio
scallops/3417815,scallops,Scallops,-0.0550764799118042,medio
scallops/3535602,scallops,Scallops,-0.0550764799118042,medio
scallops/3569756,scallops,Scallops,-0.0550764799118042,medio
scallops/3688381,scallops,Scallops,-0.0550764799118042,medio
scallops/3868525,scallops,Scallops,-0.0550764799118042,medio
scallops/823052,scallops,Scallops,-0.0550764799118042,medio
seaweed_salad/1030583,seaweed_salad,Seaweed salad,-0.016451478004455566,facil
seaweed_salad/1073168,seaweed_salad,Seaweed salad,-0.016451478004455566,facil
seaweed_salad/1129478,seaweed_salad,Seaweed salad,-0.016451478004455566,facil
seaweed_salad/1213903,seaweed_salad,Seaweed salad,-0.016451478004455566,facil
seaweed_salad/121745,seaweed_salad,Seaweed salad,-0.016451478004455566,facil
seaweed_salad/1259958,seaweed_salad,Seaweed salad,-0.016451478004455566,facil
seaweed_salad/1480174,seaweed_salad,Seaweed salad,-0.016451478004455566,facil
seaweed_salad/1540182,seaweed_salad,Seaweed salad,-0.016451478004455566,facil
seaweed_salad/1609281,seaweed_salad,Seaweed salad,-0.016451478004455566,facil
seaweed_salad/1733561,seaweed_salad,Seaweed salad,-0.016451478004455566,facil
seaweed_salad/1799113,seaweed_salad,Seaweed salad,-0.016451478004455566,facil
seaweed_salad/2045028,seaweed_salad,Seaweed salad,-0.016451478004455566,facil
seaweed_salad/2183917,seaweed_salad,Seaweed salad,-0.016451478004455566,facil
seaweed_salad/2303992,seaweed_salad,Seaweed salad,-0.016451478004455566,facil
seaweed_salad/2394595,seaweed_salad,Seaweed salad,-0.016451478004455566,facil
seaweed_salad/257005,seaweed_salad,Seaweed salad,-0.016451478004455566,facil
seaweed_salad/2708224,seaweed_salad,Seaweed salad,-0.016451478004455566,facil
seaweed_salad/292452,seaweed_salad,Seaweed salad,-0.016451478004455566,facil
seaweed_salad/3140250,seaweed_salad,Seaweed salad,-0.016451478004455566,facil
seaweed_salad/3385157,seaweed_salad,Seaweed salad,-0.016451478004455566,facil
seaweed_salad/3570059,seaweed_salad,Seaweed salad,-0.016451478004455566,facil
seaweed_salad/3858572,seaweed_salad,Seaweed salad,-0.016451478004455566,facil
seaweed_salad/441102,seaweed_salad,Seaweed salad,-0.016451478004455566,facil
seaweed_salad/489032,seaweed_salad,Seaweed salad,-0.016451478004455566,facil
seaweed_salad/634056,seaweed_salad,Seaweed salad,-0.016451478004455566,facil
shrimp_and_grits/112847,shrimp_and_grits,Shrimp and grits,-0.057204246520996094,medio
shrimp_and_grits/139405,shrimp_and_grits,Shrimp and grits,-0.057204246520996094,medio
shrimp_and_grits/1419040,shrimp_and_grits,Shrimp and grits,-0.057204246520996094,medio
shrimp_and_grits/1463123,shrimp_and_grits,Shrimp and grits,-0.057204246520996094,medio
shrimp_and_grits/148817,shrimp_and_grits,Shrimp and grits,-0.057204246520996094,medio
shrimp_and_grits/1530531,shrimp_and_grits,Shrimp and grits,-0.057204246520996094,medio
shrimp_and_grits/1595431,shrimp_and_grits,Shrimp and grits,-0.057204246520996094,medio
shrimp_and_grits/2151235,shrimp_and_grits,Shrimp and grits,-0.057204246520996094,medio
shrimp_and_grits/2216092,shrimp_and_grits,Shrimp and grits,-0.057204246520996094,medio
shrimp_and_grits/2455595,shrimp_and_grits,Shrimp and grits,-0.057204246520996094,medio
shrimp_and_grits/2534324,shrimp_and_grits,Shrimp and grits,-0.057204246520996094,medio
shrimp_and_grits/2534841,shrimp_and_grits,Shrimp and grits,-0.057204246520996094,medio
shrimp_and_grits/2748160,shrimp_and_grits,Shrimp and grits,-0.057204246520996094,medio
shrimp_and_grits/3549027,shrimp_and_grits,Shrimp and grits,-0.057204246520996094,medio
shrimp_and_grits/3699714,shrimp_and_grits,Shrimp and grits,-0.057204246520996094,medio
shrimp_and_grits/3767872,shrimp_and_grits,Shrimp and grits,-0.057204246520996094,medio
shrimp_and_grits/3876986,shrimp_and_grits,Shrimp and grits,-0.057204246520996094,medio
shrimp_and_grits/433649,shrimp_and_grits,Shrimp and grits,-0.057204246520996094,medio
shrimp_and_grits/435071,shrimp_and_grits,Shrimp and grits,-0.057204246520996094,medio
shrimp_and_grits/448234,shrimp_and_grits,Shrimp and grits,-0.057204246520996094,medio
shrimp_and_grits/457159,shrimp_and_grits,Shrimp and grits,-0.057204246520996094,medio
shrimp_and_grits/67825,shrimp_and_grits,Shrimp and grits,-0.057204246520996094,medio
shrimp_and_grits/776542,shrimp_and_grits,Shrimp and grits,-0.057204246520996094,medio
shrimp_and_grits/894946,shrimp_and_grits,Shrimp and grits,-0.057204246520996094,medio
shrimp_and_grits/89972,shrimp_and_grits,Shrimp and grits,-0.057204246520996094,medio
spaghetti_bolognese/1027299,spaghetti_bolognese,Spaghetti bolognese,-0.0261574387550354,facil
spaghetti_bolognese/1084717,spaghetti_bolognese,Spaghetti bolognese,-0.0261574387550354,facil
spaghetti_bolognese/1104453,spaghetti_bolognese,Spaghetti bolognese,-0.0261574387550354,facil
spaghetti_bolognese/1229995,spaghetti_bolognese,Spaghetti bolognese,-0.0261574387550354,facil
spaghetti_bolognese/1513300,spaghetti_bolognese,Spaghetti bolognese,-0.0261574387550354,facil
spaghetti_bolognese/1519262,spaghetti_bolognese,Spaghetti bolognese,-0.0261574387550354,facil
spaghetti_bolognese/1560901,spaghetti_bolognese,Spaghetti bolognese,-0.0261574387550354,facil
spaghetti_bolognese/1619474,spaghetti_bolognese,Spaghetti bolognese,-0.0261574387550354,facil
spaghetti_bolognese/1810694,spaghetti_bolognese,Spaghetti bolognese,-0.0261574387550354,facil
spaghetti_bolognese/1947509,spaghetti_bolognese,Spaghetti bolognese,-0.0261574387550354,facil
spaghetti_bolognese/1981054,spaghetti_bolognese,Spaghetti bolognese,-0.0261574387550354,facil
spaghetti_bolognese/2048930,spaghetti_bolognese,Spaghetti bolognese,-0.0261574387550354,facil
spaghetti_bolognese/2379532,spaghetti_bolognese,Spaghetti bolognese,-0.0261574387550354,facil
spaghetti_bolognese/2423175,spaghetti_bolognese,Spaghetti bolognese,-0.0261574387550354,facil
spaghetti_bolognese/2682381,spaghetti_bolognese,Spaghetti bolognese,-0.0261574387550354,facil
spaghetti_bolognese/3587412,spaghetti_bolognese,Spaghetti bolognese,-0.0261574387550354,facil
spaghetti_bolognese/3614721,spaghetti_bolognese,Spaghetti bolognese,-0.0261574387550354,facil
spaghetti_bolognese/3713726,spaghetti_bolognese,Spaghetti bolognese,-0.0261574387550354,facil
spaghetti_bolognese/3718417,spaghetti_bolognese,Spaghetti bolognese,-0.0261574387550354,facil
spaghetti_bolognese/3789739,spaghetti_bolognese,Spaghetti bolognese,-0.0261574387550354,facil
spaghetti_bolognese/3843831,spaghetti_bolognese,Spaghetti bolognese,-0.0261574387550354,facil
spaghetti_bolognese/418139,spaghetti_bolognese,Spaghetti bolognese,-0.0261574387550354,facil
spaghetti_bolognese/476276,spaghetti_bolognese,Spaghetti bolognese,-0.0261574387550354,facil
spaghetti_bolognese/888920,spaghetti_bolognese,Spaghetti bolognese,-0.0261574387550354,facil
spaghetti_bolognese/944060,spaghetti_bolognese,Spaghetti bolognese,-0.0261574387550354,facil
spaghetti_carbonara/1335573,spaghetti_carbonara,Spaghetti carbonara,-0.03349179029464722,facil
spaghetti_carbonara/1434265,spaghetti_carbonara,Spaghetti carbonara,-0.03349179029464722,facil
spaghetti_carbonara/1653307,spaghetti_carbonara,Spaghetti carbonara,-0.03349179029464722,facil
spaghetti_carbonara/1798848,spaghetti_carbonara,Spaghetti carbonara,-0.03349179029464722,facil
spaghetti_carbonara/199412,spaghetti_carbonara,Spaghetti carbonara,-0.03349179029464722,facil
spaghetti_carbonara/2088155,spaghetti_carbonara,Spaghetti carbonara,-0.03349179029464722,facil
spaghetti_carbonara/2321753,spaghetti_carbonara,Spaghetti carbonara,-0.03349179029464722,facil
spaghetti_carbonara/2329266,spaghetti_carbonara,Spaghetti carbonara,-0.03349179029464722,facil
spaghetti_carbonara/2451924,spaghetti_carbonara,Spaghetti carbonara,-0.03349179029464722,facil
spaghetti_carbonara/2480192,spaghetti_carbonara,Spaghetti carbonara,-0.03349179029464722,facil
spaghetti_carbonara/2590052,spaghetti_carbonara,Spaghetti carbonara,-0.03349179029464722,facil
spaghetti_carbonara/2652454,spaghetti_carbonara,Spaghetti carbonara,-0.03349179029464722,facil
spaghetti_carbonara/2761253,spaghetti_carbonara,Spaghetti carbonara,-0.03349179029464722,facil
spaghetti_carbonara/2816314,spaghetti_carbonara,Spaghetti carbonara,-0.03349179029464722,facil
spaghetti_carbonara/3065502,spaghetti_carbonara,Spaghetti carbonara,-0.03349179029464722,facil
spaghetti_carbonara/3356542,spaghetti_carbonara,Spaghetti carbonara,-0.03349179029464722,facil
spaghetti_carbonara/3634244,spaghetti_carbonara,Spaghetti carbonara,-0.03349179029464722,facil
spaghetti_carbonara/3677017,spaghetti_carbonara,Spaghetti carbonara,-0.03349179029464722,facil
spaghetti_carbonara/379344,spaghetti_carbonara,Spaghetti carbonara,-0.03349179029464722,facil
spaghetti_carbonara/3833174,spaghetti_carbonara,Spaghetti carbonara,-0.03349179029464722,facil
spaghetti_carbonara/556735,spaghetti_carbonara,Spaghetti carbonara,-0.03349179029464722,facil
spaghetti_carbonara/581923,spaghetti_carbonara,Spaghetti carbonara,-0.03349179029464722,facil
spaghetti_carbonara/606818,spaghetti_carbonara,Spaghetti carbonara,-0.03349179029464722,facil
spaghetti_carbonara/675898,spaghetti_carbonara,Spaghetti carbonara,-0.03349179029464722,facil
spaghetti_carbonara/80001,spaghetti_carbonara,Spaghetti carbonara,-0.03349179029464722,facil
spring_rolls/130766,spring_rolls,Spring rolls,-0.06196469068527222,medio
spring_rolls/1361453,spring_rolls,Spring rolls,-0.06196469068527222,medio
spring_rolls/1375280,spring_rolls,Spring rolls,-0.06196469068527222,medio
spring_rolls/1473273,spring_rolls,Spring rolls,-0.06196469068527222,medio
spring_rolls/1597609,spring_rolls,Spring rolls,-0.06196469068527222,medio
spring_rolls/1619639,spring_rolls,Spring rolls,-0.06196469068527222,medio
spring_rolls/1736368,spring_rolls,Spring rolls,-0.06196469068527222,medio
spring_rolls/2084075,spring_rolls,Spring rolls,-0.06196469068527222,medio
spring_rolls/2267806,spring_rolls,Spring rolls,-0.06196469068527222,medio
spring_rolls/2351211,spring_rolls,Spring rolls,-0.06196469068527222,medio
spring_rolls/25414,spring_rolls,Spring rolls,-0.06196469068527222,medio
spring_rolls/2544476,spring_rolls,Spring rolls,-0.06196469068527222,medio
spring_rolls/2689023,spring_rolls,Spring rolls,-0.06196469068527222,medio
spring_rolls/3011107,spring_rolls,Spring rolls,-0.06196469068527222,medio
spring_rolls/3063893,spring_rolls,Spring rolls,-0.06196469068527222,medio
spring_rolls/3395474,spring_rolls,Spring rolls,-0.06196469068527222,medio
spring_rolls/35235,spring_rolls,Spring rolls,-0.06196469068527222,medio
spring_rolls/3555768,spring_rolls,Spring rolls,-0.06196469068527222,medio
spring_rolls/3901705,spring_rolls,Spring rolls,-0.06196469068527222,medio
spring_rolls/3911498,spring_rolls,Spring rolls,-0.06196469068527222,medio
spring_rolls/509495,spring_rolls,Spring rolls,-0.06196469068527222,medio
spring_rolls/607852,spring_rolls,Spring rolls,-0.06196469068527222,medio
spring_rolls/792012,spring_rolls,Spring rolls,-0.06196469068527222,medio
spring_rolls/817195,spring_rolls,Spring rolls,-0.06196469068527222,medio
spring_rolls/848859,spring_rolls,Spring rolls,-0.06196469068527222,medio
steak/1107549,steak,Steak,-0.10811865329742432,dificil
steak/1166047,steak,Steak,-0.10811865329742432,dificil
steak/1225389,steak,Steak,-0.10811865329742432,dificil
steak/1288540,steak,Steak,-0.10811865329742432,dificil
steak/13719,steak,Steak,-0.10811865329742432,dificil
steak/138754,steak,Steak,-0.10811865329742432,dificil
steak/1718949,steak,Steak,-0.10811865329742432,dificil
steak/1848046,steak,Steak,-0.10811865329742432,dificil
steak/1951003,steak,Steak,-0.10811865329742432,dificil
steak/2144308,steak,Steak,-0.10811865329742432,dificil
steak/2193535,steak,Steak,-0.10811865329742432,dificil
steak/228683,steak,Steak,-0.10811865329742432,dificil
steak/2382600,steak,Steak,-0.10811865329742432,dificil
steak/2943601,steak,Steak,-0.10811865329742432,dificil
steak/3548389,steak,Steak,-0.10811865329742432,dificil
steak/3873283,steak,Steak,-0.10811865329742432,dificil
steak/3873655,steak,Steak,-0.10811865329742432,dificil
steak/39461,steak,Steak,-0.10811865329742432,dificil
steak/504349,steak,Steak,-0.10811865329742432,dificil
steak/647683,steak,Steak,-0.10811865329742432,dificil
steak/690177,steak,Steak,-0.10811865329742432,dificil
steak/746921,steak,Steak,-0.10811865329742432,dificil
steak/790544,steak,Steak,-0.10811865329742432,dificil
steak/864661,steak,Steak,-0.10811865329742432,dificil
steak/926656,steak,Steak,-0.10811865329742432,dificil
strawberry_shortcake/1347737,strawberry_shortcake,Strawberry shortcake,-0.07868027687072754,dificil
strawberry_shortcake/1408119,strawberry_shortcake,Strawberry shortcake,-0.07868027687072754,dificil
strawberry_shortcake/1423172,strawberry_shortcake,Strawberry shortcake,-0.07868027687072754,dificil
strawberry_shortcake/1457559,strawberry_shortcake,Strawberry shortcake,-0.07868027687072754,dificil
strawberry_shortcake/1655969,strawberry_shortcake,Strawberry shortcake,-0.07868027687072754,dificil
strawberry_shortcake/1710939,strawberry_shortcake,Strawberry shortcake,-0.07868027687072754,dificil
strawberry_shortcake/1872501,strawberry_shortcake,Strawberry shortcake,-0.07868027687072754,dificil
strawberry_shortcake/2048873,strawberry_shortcake,Strawberry shortcake,-0.07868027687072754,dificil
strawberry_shortcake/2116454,strawberry_shortcake,Strawberry shortcake,-0.07868027687072754,dificil
strawberry_shortcake/2146251,strawberry_shortcake,Strawberry shortcake,-0.07868027687072754,dificil
strawberry_shortcake/219579,strawberry_shortcake,Strawberry shortcake,-0.07868027687072754,dificil
strawberry_shortcake/2291563,strawberry_shortcake,Strawberry shortcake,-0.07868027687072754,dificil
strawberry_shortcake/2720860,strawberry_shortcake,Strawberry shortcake,-0.07868027687072754,dificil
strawberry_shortcake/3626915,strawberry_shortcake,Strawberry shortcake,-0.07868027687072754,dificil
strawberry_shortcake/3707300,strawberry_shortcake,Strawberry shortcake,-0.07868027687072754,dificil
strawberry_shortcake/48900,strawberry_shortcake,Strawberry shortcake,-0.07868027687072754,dificil
strawberry_shortcake/495796,strawberry_shortcake,Strawberry shortcake,-0.07868027687072754,dificil
strawberry_shortcake/565481,strawberry_shortcake,Strawberry shortcake,-0.07868027687072754,dificil
strawberry_shortcake/655910,strawberry_shortcake,Strawberry shortcake,-0.07868027687072754,dificil
strawberry_shortcake/680745,strawberry_shortcake,Strawberry shortcake,-0.07868027687072754,dificil
strawberry_shortcake/702201,strawberry_shortcake,Strawberry shortcake,-0.07868027687072754,dificil
strawberry_shortcake/773418,strawberry_shortcake,Strawberry shortcake,-0.07868027687072754,dificil
strawberry_shortcake/810967,strawberry_shortcake,Strawberry shortcake,-0.07868027687072754,dificil
strawberry_shortcake/873051,strawberry_shortcake,Strawberry shortcake,-0.07868027687072754,dificil
strawberry_shortcake/97240,strawberry_shortcake,Strawberry shortcake,-0.07868027687072754,dificil
sushi/1032052,sushi,Sushi,-0.02134019136428833,facil
sushi/105070,sushi,Sushi,-0.02134019136428833,facil
sushi/1063878,sushi,Sushi,-0.02134019136428833,facil
sushi/1230335,sushi,Sushi,-0.02134019136428833,facil
sushi/1346344,sushi,Sushi,-0.02134019136428833,facil
sushi/1832469,sushi,Sushi,-0.02134019136428833,facil
sushi/2641221,sushi,Sushi,-0.02134019136428833,facil
sushi/290418,sushi,Sushi,-0.02134019136428833,facil
sushi/3322020,sushi,Sushi,-0.02134019136428833,facil
sushi/3401466,sushi,Sushi,-0.02134019136428833,facil
sushi/3803301,sushi,Sushi,-0.02134019136428833,facil
sushi/3806282,sushi,Sushi,-0.02134019136428833,facil
sushi/480953,sushi,Sushi,-0.02134019136428833,facil
sushi/506397,sushi,Sushi,-0.02134019136428833,facil
sushi/530620,sushi,Sushi,-0.02134019136428833,facil
sushi/5443,sushi,Sushi,-0.02134019136428833,facil
sushi/57230,sushi,Sushi,-0.02134019136428833,facil
sushi/584916,sushi,Sushi,-0.02134019136428833,facil
sushi/625854,sushi,Sushi,-0.02134019136428833,facil
sushi/705150,sushi,Sushi,-0.02134019136428833,facil
sushi/720302,sushi,Sushi,-0.02134019136428833,facil
sushi/72304,sushi,Sushi,-0.02134019136428833,facil
sushi/72926,sushi,Sushi,-0.02134019136428833,facil
sushi/780283,sushi,Sushi,-0.02134019136428833,facil
sushi/814819,sushi,Sushi,-0.02134019136428833,facil
tacos/1026681,tacos,Tacos,-0.04408043622970581,medio
tacos/1324636,tacos,Tacos,-0.04408043622970581,medio
tacos/155635,tacos,Tacos,-0.04408043622970581,medio
tacos/179997,tacos,Tacos,-0.04408043622970581,medio
tacos/199784,tacos,Tacos,-0.04408043622970581,medio
tacos/2001326,tacos,Tacos,-0.04408043622970581,medio
tacos/2037084,tacos,Tacos,-0.04408043622970581,medio
tacos/2144788,tacos,Tacos,-0.04408043622970581,medio
tacos/2415156,tacos,Tacos,-0.04408043622970581,medio
tacos/2621360,tacos,Tacos,-0.04408043622970581,medio
tacos/2740719,tacos,Tacos,-0.04408043622970581,medio
tacos/2914162,tacos,Tacos,-0.04408043622970581,medio
tacos/3157053,tacos,Tacos,-0.04408043622970581,medio
tacos/322915,tacos,Tacos,-0.04408043622970581,medio
tacos/3233123,tacos,Tacos,-0.04408043622970581,medio
tacos/3268953,tacos,Tacos,-0.04408043622970581,medio
tacos/3650822,tacos,Tacos,-0.04408043622970581,medio
tacos/3781893,tacos,Tacos,-0.04408043622970581,medio
tacos/3846291,tacos,Tacos,-0.04408043622970581,medio
tacos/3898372,tacos,Tacos,-0.04408043622970581,medio
tacos/485269,tacos,Tacos,-0.04408043622970581,medio
tacos/511160,tacos,Tacos,-0.04408043622970581,medio
tacos/537119,tacos,Tacos,-0.04408043622970581,medio
tacos/597979,tacos,Tacos,-0.04408043622970581,medio
tacos/847402,tacos,Tacos,-0.04408043622970581,medio
takoyaki/1002013,takoyaki,Takoyaki,-0.04792141914367676,medio
takoyaki/1085743,takoyaki,Takoyaki,-0.04792141914367676,medio
takoyaki/1122579,takoyaki,Takoyaki,-0.04792141914367676,medio
takoyaki/1606600,takoyaki,Takoyaki,-0.04792141914367676,medio
takoyaki/1615290,takoyaki,Takoyaki,-0.04792141914367676,medio
takoyaki/166704,takoyaki,Takoyaki,-0.04792141914367676,medio
takoyaki/1672611,takoyaki,Takoyaki,-0.04792141914367676,medio
takoyaki/1765893,takoyaki,Takoyaki,-0.04792141914367676,medio
takoyaki/185141,takoyaki,Takoyaki,-0.04792141914367676,medio
takoyaki/1934380,takoyaki,Takoyaki,-0.04792141914367676,medio
takoyaki/2061358,takoyaki,Takoyaki,-0.04792141914367676,medio
takoyaki/2121850,takoyaki,Takoyaki,-0.04792141914367676,medio
takoyaki/2359261,takoyaki,Takoyaki,-0.04792141914367676,medio
takoyaki/277883,takoyaki,Takoyaki,-0.04792141914367676,medio
takoyaki/2923337,takoyaki,Takoyaki,-0.04792141914367676,medio
takoyaki/3153904,takoyaki,Takoyaki,-0.04792141914367676,medio
takoyaki/3205985,takoyaki,Takoyaki,-0.04792141914367676,medio
takoyaki/3242821,takoyaki,Takoyaki,-0.04792141914367676,medio
takoyaki/3313790,takoyaki,Takoyaki,-0.04792141914367676,medio
takoyaki/332021,takoyaki,Takoyaki,-0.04792141914367676,medio
takoyaki/3697325,takoyaki,Takoyaki,-0.04792141914367676,medio
takoyaki/3812678,takoyaki,Takoyaki,-0.04792141914367676,medio
takoyaki/584471,takoyaki,Takoyaki,-0.04792141914367676,medio
takoyaki/743490,takoyaki,Takoyaki,-0.04792141914367676,medio
takoyaki/907950,takoyaki,Takoyaki,-0.04792141914367676,medio
tiramisu/1127862,tiramisu,Tiramisu,-0.07231569290161133,dificil
tiramisu/1162659,tiramisu,Tiramisu,-0.07231569290161133,dificil
tiramisu/1297139,tiramisu,Tiramisu,-0.07231569290161133,dificil
tiramisu/1326832,tiramisu,Tiramisu,-0.07231569290161133,dificil
tiramisu/1494008,tiramisu,Tiramisu,-0.07231569290161133,dificil
tiramisu/1592156,tiramisu,Tiramisu,-0.07231569290161133,dificil
tiramisu/175106,tiramisu,Tiramisu,-0.07231569290161133,dificil
tiramisu/1914210,tiramisu,Tiramisu,-0.07231569290161133,dificil
tiramisu/2011943,tiramisu,Tiramisu,-0.07231569290161133,dificil
tiramisu/2225838,tiramisu,Tiramisu,-0.07231569290161133,dificil
tiramisu/2323515,tiramisu,Tiramisu,-0.07231569290161133,dificil
tiramisu/2377497,tiramisu,Tiramisu,-0.07231569290161133,dificil
tiramisu/2422213,tiramisu,Tiramisu,-0.07231569290161133,dificil
tiramisu/2684111,tiramisu,Tiramisu,-0.07231569290161133,dificil
tiramisu/2844165,tiramisu,Tiramisu,-0.07231569290161133,dificil
tiramisu/2991451,tiramisu,Tiramisu,-0.07231569290161133,dificil
tiramisu/3302960,tiramisu,Tiramisu,-0.07231569290161133,dificil
tiramisu/3394997,tiramisu,Tiramisu,-0.07231569290161133,dificil
tiramisu/3618054,tiramisu,Tiramisu,-0.07231569290161133,dificil
tiramisu/371366,tiramisu,Tiramisu,-0.07231569290161133,dificil
tiramisu/538788,tiramisu,Tiramisu,-0.07231569290161133,dificil
tiramisu/560486,tiramisu,Tiramisu,-0.07231569290161133,dificil
tiramisu/717195,tiramisu,Tiramisu,-0.07231569290161133,dificil
tiramisu/738462,tiramisu,Tiramisu,-0.07231569290161133,dificil
tiramisu/967042,tiramisu,Tiramisu,-0.07231569290161133,dificil
tuna_tartare/101560,tuna_tartare,Tuna tartare,-0.071841299533844,dificil
tuna_tartare/1206421,tuna_tartare,Tuna tartare,-0.071841299533844,dificil
tuna_tartare/1334503,tuna_tartare,Tuna tartare,-0.071841299533844,dificil
tuna_tartare/2132798,tuna_tartare,Tuna tartare,-0.071841299533844,dificil
tuna_tartare/257872,tuna_tartare,Tuna tartare,-0.071841299533844,dificil
tuna_tartare/2608589,tuna_tartare,Tuna tartare,-0.071841299533844,dificil
tuna_tartare/2611946,tuna_tartare,Tuna tartare,-0.071841299533844,dificil
tuna_tartare/2643219,tuna_tartare,Tuna tartare,-0.071841299533844,dificil
tuna_tartare/2702304,tuna_tartare,Tuna tartare,-0.071841299533844,dificil
tuna_tartare/2822628,tuna_tartare,Tuna tartare,-0.071841299533844,dificil
tuna_tartare/2913182,tuna_tartare,Tuna tartare,-0.071841299533844,dificil
tuna_tartare/299390,tuna_tartare,Tuna tartare,-0.071841299533844,dificil
tuna_tartare/3347591,tuna_tartare,Tuna tartare,-0.071841299533844,dificil
tuna_tartare/3453043,tuna_tartare,Tuna tartare,-0.071841299533844,dificil
tuna_tartare/3624042,tuna_tartare,Tuna tartare,-0.071841299533844,dificil
tuna_tartare/3624484,tuna_tartare,Tuna tartare,-0.071841299533844,dificil
tuna_tartare/3738658,tuna_tartare,Tuna tartare,-0.071841299533844,dificil
tuna_tartare/3746815,tuna_tartare,Tuna tartare,-0.071841299533844,dificil
tuna_tartare/3750639,tuna_tartare,Tuna tartare,-0.071841299533844,dificil
tuna_tartare/3750702,tuna_tartare,Tuna tartare,-0.071841299533844,dificil
tuna_tartare/3838031,tuna_tartare,Tuna tartare,-0.071841299533844,dificil
tuna_tartare/441402,tuna_tartare,Tuna tartare,-0.071841299533844,dificil
tuna_tartare/466053,tuna_tartare,Tuna tartare,-0.071841299533844,dificil
tuna_tartare/607912,tuna_tartare,Tuna tartare,-0.071841299533844,dificil
tuna_tartare/918851,tuna_tartare,Tuna tartare,-0.071841299533844,dificil
waffles/11088,waffles,Waffles,-0.037995100021362305,facil
waffles/1195540,waffles,Waffles,-0.037995100021362305,facil
waffles/153584,waffles,Waffles,-0.037995100021362305,facil
waffles/1554866,waffles,Waffles,-0.037995100021362305,facil
waffles/1588674,waffles,Waffles,-0.037995100021362305,facil
waffles/1690981,waffles,Waffles,-0.037995100021362305,facil
waffles/1736006,waffles,Waffles,-0.037995100021362305,facil
waffles/1795723,waffles,Waffles,-0.037995100021362305,facil
waffles/1830934,waffles,Waffles,-0.037995100021362305,facil
waffles/1964332,waffles,Waffles,-0.037995100021362305,facil
waffles/1972595,waffles,Waffles,-0.037995100021362305,facil
waffles/1985900,waffles,Waffles,-0.037995100021362305,facil
waffles/270175,waffles,Waffles,-0.037995100021362305,facil
waffles/3014576,waffles,Waffles,-0.037995100021362305,facil
waffles/347105,waffles,Waffles,-0.037995100021362305,facil
waffles/3539,waffles,Waffles,-0.037995100021362305,facil
waffles/387404,waffles,Waffles,-0.037995100021362305,facil
waffles/490259,waffles,Waffles,-0.037995100021362305,facil
waffles/496688,waffles,Waffles,-0.037995100021362305,facil
waffles/540286,waffles,Waffles,-0.037995100021362305,facil
waffles/708688,waffles,Waffles,-0.037995100021362305,facil
waffles/789765,waffles,Waffles,-0.037995100021362305,facil
waffles/901565,waffles,Waffles,-0.037995100021362305,facil
waffles/919275,waffles,Waffles,-0.037995100021362305,facil
waffles/954028,waffles,Waffles,-0.037995100021362305,facil
